file,doc_id,pattern,match_text
.\trudovoy.html,K1500000414,article,Статья 1
.\trudovoy.html,K1500000414,article,Статья 1
.\trudovoy.html,K1500000414,article,статьей 204
.\trudovoy.html,K1500000414,article,Статья 2
.\trudovoy.html,K1500000414,article,Статья 3
.\trudovoy.html,K1500000414,article,Статья 4
.\trudovoy.html,K1500000414,article,Статья 5
.\trudovoy.html,K1500000414,article,Статья 6
.\trudovoy.html,K1500000414,article,Статья 6
.\trudovoy.html,K1500000414,article,Статья 7
.\trudovoy.html,K1500000414,article,Статья 7
.\trudovoy.html,K1500000414,article,Статья 8
.\trudovoy.html,K1500000414,article,Статья 8
.\trudovoy.html,K1500000414,article,Статья 9
.\trudovoy.html,K1500000414,article,Статья 10
.\trudovoy.html,K1500000414,article,Статья 10
.\trudovoy.html,K1500000414,article,Статья 11
.\trudovoy.html,K1500000414,article,Статья 11
.\trudovoy.html,K1500000414,article,Статья 12
.\trudovoy.html,K1500000414,article,Статья 12
.\trudovoy.html,K1500000414,article,Статья 13
.\trudovoy.html,K1500000414,article,Статья 14
.\trudovoy.html,K1500000414,article,Статья 15
.\trudovoy.html,K1500000414,article,Статья 15
.\trudovoy.html,K1500000414,article,Статья 16
.\trudovoy.html,K1500000414,article,Статья 16
.\trudovoy.html,K1500000414,article,Статья 17
.\trudovoy.html,K1500000414,article,статьи 17
.\trudovoy.html,K1500000414,article,Статья 17
.\trudovoy.html,K1500000414,article,Статья 18
.\trudovoy.html,K1500000414,article,Статья 18
.\trudovoy.html,K1500000414,article,Статья 19
.\trudovoy.html,K1500000414,article,Статья 20
.\trudovoy.html,K1500000414,article,Статья 20
.\trudovoy.html,K1500000414,article,Статья 20
.\trudovoy.html,K1500000414,article,статьей 20
.\trudovoy.html,K1500000414,article,Статья 21
.\trudovoy.html,K1500000414,article,Статья 22
.\trudovoy.html,K1500000414,article,Статья 22
.\trudovoy.html,K1500000414,article,Статья 23
.\trudovoy.html,K1500000414,article,статьи 28
.\trudovoy.html,K1500000414,article,статьей 99
.\trudovoy.html,K1500000414,article,статьей 23
.\trudovoy.html,K1500000414,article,Статья 23
.\trudovoy.html,K1500000414,article,Статья 24
.\trudovoy.html,K1500000414,article,Статья 25
.\trudovoy.html,K1500000414,article,Статья 26
.\trudovoy.html,K1500000414,point_article,пункта 2 статьи 26
.\trudovoy.html,K1500000414,article,статьи 26
.\trudovoy.html,K1500000414,article,Статья 26
.\trudovoy.html,K1500000414,article,Статья 27
.\trudovoy.html,K1500000414,article,Статья 28
.\trudovoy.html,K1500000414,article,Статья 28
.\trudovoy.html,K1500000414,article,Статья 29
.\trudovoy.html,K1500000414,article,Статья 30
.\trudovoy.html,K1500000414,article,статьи 51
.\trudovoy.html,K1500000414,article,Статья 30
.\trudovoy.html,K1500000414,article,Статья 31
.\trudovoy.html,K1500000414,article,Статья 31
.\trudovoy.html,K1500000414,article,Статья 32
.\trudovoy.html,K1500000414,article,Статья 32
.\trudovoy.html,K1500000414,article,Статья 33
.\trudovoy.html,K1500000414,article,Статья 33
.\trudovoy.html,K1500000414,article,Статья 34
.\trudovoy.html,K1500000414,article,Статья 35
.\trudovoy.html,K1500000414,article,Статья 35
.\trudovoy.html,K1500000414,article,Статья 36
.\trudovoy.html,K1500000414,article,Статья 36
.\trudovoy.html,K1500000414,article,Статья 37
.\trudovoy.html,K1500000414,article,Статья 37
.\trudovoy.html,K1500000414,article,Статья 38
.\trudovoy.html,K1500000414,article,Статья 39
.\trudovoy.html,K1500000414,article,статьи 58
.\trudovoy.html,K1500000414,article,Статья 39
.\trudovoy.html,K1500000414,article,Статья 40
.\trudovoy.html,K1500000414,article,Статья 40
.\trudovoy.html,K1500000414,article,Статья 41
.\trudovoy.html,K1500000414,article,Статья 42
.\trudovoy.html,K1500000414,article,Статья 43
.\trudovoy.html,K1500000414,article,статьи 58
.\trudovoy.html,K1500000414,article,Статья 43
.\trudovoy.html,K1500000414,article,Статья 44
.\trudovoy.html,K1500000414,article,Статья 44
.\trudovoy.html,K1500000414,article,Статья 45
.\trudovoy.html,K1500000414,article,Статья 45
.\trudovoy.html,K1500000414,article,Статья 46
.\trudovoy.html,K1500000414,article,статьи 58
.\trudovoy.html,K1500000414,article,Статья 46
.\trudovoy.html,K1500000414,article,Статья 47
.\trudovoy.html,K1500000414,article,статьи 47
.\trudovoy.html,K1500000414,article,Статья 47
.\trudovoy.html,K1500000414,article,Статья 48
.\trudovoy.html,K1500000414,article,Статья 48
.\trudovoy.html,K1500000414,article,Статья 49
.\trudovoy.html,K1500000414,article,Статья 50
.\trudovoy.html,K1500000414,article,Статья 50
.\trudovoy.html,K1500000414,article,Статья 51
.\trudovoy.html,K1500000414,article,Статья 51
.\trudovoy.html,K1500000414,article,Статья 52
.\trudovoy.html,K1500000414,article,статьи 52
.\trudovoy.html,K1500000414,article,Статья 52
.\trudovoy.html,K1500000414,article,Статья 53
.\trudovoy.html,K1500000414,article,статьи 52
.\trudovoy.html,K1500000414,article,статьи 52
.\trudovoy.html,K1500000414,article,статьи 52
.\trudovoy.html,K1500000414,article,статьи 52
.\trudovoy.html,K1500000414,article,статьи 52
.\trudovoy.html,K1500000414,article,статьи 52
.\trudovoy.html,K1500000414,article,статьи 52
.\trudovoy.html,K1500000414,article,статьи 52
.\trudovoy.html,K1500000414,article,статьи 52
.\trudovoy.html,K1500000414,article,статьи 52
.\trudovoy.html,K1500000414,article,статьи 52
.\trudovoy.html,K1500000414,article,статьи 52
.\trudovoy.html,K1500000414,article,статьи 52
.\trudovoy.html,K1500000414,article,Статья 53
.\trudovoy.html,K1500000414,article,Статья 54
.\trudovoy.html,K1500000414,article,статьи 52
.\trudovoy.html,K1500000414,article,Статья 54
.\trudovoy.html,K1500000414,article,Статья 55
.\trudovoy.html,K1500000414,article,статьи 139
.\trudovoy.html,K1500000414,article,Статья 55
.\trudovoy.html,K1500000414,article,Статья 56
.\trudovoy.html,K1500000414,article,Статья 56
.\trudovoy.html,K1500000414,article,Статья 57
.\trudovoy.html,K1500000414,article,Статья 57
.\trudovoy.html,K1500000414,article,статьей 204
.\trudovoy.html,K1500000414,article,Статья 58
.\trudovoy.html,K1500000414,article,Статья 58
.\trudovoy.html,K1500000414,article,Статья 59
.\trudovoy.html,K1500000414,article,Статья 60
.\trudovoy.html,K1500000414,article,статьи 26
.\trudovoy.html,K1500000414,article,Статья 60
.\trudovoy.html,K1500000414,article,статьей 204
.\trudovoy.html,K1500000414,article,Статья 61
.\trudovoy.html,K1500000414,article,Статья 61
.\trudovoy.html,K1500000414,article,Статья 62
.\trudovoy.html,K1500000414,article,Статья 63
.\trudovoy.html,K1500000414,article,Статья 64
.\trudovoy.html,K1500000414,article,статьи 52
.\trudovoy.html,K1500000414,article,Статья 64
.\trudovoy.html,K1500000414,article,Статья 65
.\trudovoy.html,K1500000414,article,статьи 66
.\trudovoy.html,K1500000414,article,Статья 65
.\trudovoy.html,K1500000414,article,Статья 66
.\trudovoy.html,K1500000414,article,статьи 65
.\trudovoy.html,K1500000414,article,Статья 66
.\trudovoy.html,K1500000414,article,Статья 67
.\trudovoy.html,K1500000414,article,Статья 67
.\trudovoy.html,K1500000414,article,Статья 68
.\trudovoy.html,K1500000414,article,статьи 71
.\trudovoy.html,K1500000414,article,Статья 68
.\trudovoy.html,K1500000414,article,Статья 69
.\trudovoy.html,K1500000414,article,Статья 69
.\trudovoy.html,K1500000414,article,Статья 70
.\trudovoy.html,K1500000414,article,Статья 70
.\trudovoy.html,K1500000414,article,Статья 71
.\trudovoy.html,K1500000414,article,Статья 71
.\trudovoy.html,K1500000414,article,Статья 72
.\trudovoy.html,K1500000414,article,Статья 73
.\trudovoy.html,K1500000414,article,статьей 86
.\trudovoy.html,K1500000414,article,Статья 73
.\trudovoy.html,K1500000414,article,Статья 73
.\trudovoy.html,K1500000414,article,статьей 73
.\trudovoy.html,K1500000414,article,Статья 74
.\trudovoy.html,K1500000414,article,Статья 74
.\trudovoy.html,K1500000414,article,Статья 75
.\trudovoy.html,K1500000414,article,Статья 75
.\trudovoy.html,K1500000414,article,Статья 76
.\trudovoy.html,K1500000414,article,Статья 76
.\trudovoy.html,K1500000414,article,Статья 77
.\trudovoy.html,K1500000414,article,Статья 77
.\trudovoy.html,K1500000414,article,Статья 78
.\trudovoy.html,K1500000414,article,статьи 77
.\trudovoy.html,K1500000414,article,Статья 78
.\trudovoy.html,K1500000414,article,Статья 79
.\trudovoy.html,K1500000414,article,Статья 79
.\trudovoy.html,K1500000414,article,Статья 80
.\trudovoy.html,K1500000414,article,Статья 81
.\trudovoy.html,K1500000414,article,Статья 82
.\trudovoy.html,K1500000414,article,Статья 82
.\trudovoy.html,K1500000414,article,Статья 83
.\trudovoy.html,K1500000414,article,Статья 84
.\trudovoy.html,K1500000414,article,Статья 84
.\trudovoy.html,K1500000414,article,Статья 85
.\trudovoy.html,K1500000414,article,статьи 84
.\trudovoy.html,K1500000414,article,статьи 84
.\trudovoy.html,K1500000414,article,Статья 85
.\trudovoy.html,K1500000414,article,Статья 86
.\trudovoy.html,K1500000414,article,Статья 87
.\trudovoy.html,K1500000414,article,Статья 87
.\trudovoy.html,K1500000414,article,Статья 88
.\trudovoy.html,K1500000414,article,Статья 89
.\trudovoy.html,K1500000414,article,Статья 89
.\trudovoy.html,K1500000414,article,Статья 90
.\trudovoy.html,K1500000414,article,Статья 91
.\trudovoy.html,K1500000414,article,Статья 92
.\trudovoy.html,K1500000414,article,Статья 92
.\trudovoy.html,K1500000414,article,Статья 93
.\trudovoy.html,K1500000414,article,Статья 93
.\trudovoy.html,K1500000414,article,Статья 94
.\trudovoy.html,K1500000414,article,Статья 95
.\trudovoy.html,K1500000414,article,Статья 95
.\trudovoy.html,K1500000414,article,Статья 96
.\trudovoy.html,K1500000414,article,Статья 96
.\trudovoy.html,K1500000414,article,Статья 97
.\trudovoy.html,K1500000414,article,Статья 97
.\trudovoy.html,K1500000414,article,Статья 98
.\trudovoy.html,K1500000414,article,Статья 99
.\trudovoy.html,K1500000414,article,Статья 99
.\trudovoy.html,K1500000414,article,Статья 100
.\trudovoy.html,K1500000414,article,Статья 100
.\trudovoy.html,K1500000414,article,Статья 101
.\trudovoy.html,K1500000414,article,Статья 101
.\trudovoy.html,K1500000414,article,Статья 102
.\trudovoy.html,K1500000414,article,Статья 103
.\trudovoy.html,K1500000414,point_article,пункта 2 статьи 75
.\trudovoy.html,K1500000414,article,статьи 75
.\trudovoy.html,K1500000414,article,Статья 103
.\trudovoy.html,K1500000414,article,Статья 104
.\trudovoy.html,K1500000414,article,Статья 104
.\trudovoy.html,K1500000414,article,Статья 105
.\trudovoy.html,K1500000414,article,статьи 105
.\trudovoy.html,K1500000414,article,Статья 105
.\trudovoy.html,K1500000414,article,Статья 106
.\trudovoy.html,K1500000414,article,Статья 106
.\trudovoy.html,K1500000414,article,Статья 107
.\trudovoy.html,K1500000414,article,Статья 108
.\trudovoy.html,K1500000414,article,Статья 109
.\trudovoy.html,K1500000414,article,Статья 110
.\trudovoy.html,K1500000414,article,Статья 110
.\trudovoy.html,K1500000414,article,Статья 111
.\trudovoy.html,K1500000414,article,Статья 111
.\trudovoy.html,K1500000414,article,Статья 112
.\trudovoy.html,K1500000414,article,Статья 112
.\trudovoy.html,K1500000414,article,Статья 113
.\trudovoy.html,K1500000414,article,Статья 113
.\trudovoy.html,K1500000414,article,Статья 114
.\trudovoy.html,K1500000414,article,Статья 115
.\trudovoy.html,K1500000414,article,статьи 95
.\trudovoy.html,K1500000414,article,Статья 115
.\trudovoy.html,K1500000414,article,Статья 116
.\trudovoy.html,K1500000414,article,Статья 116
.\trudovoy.html,K1500000414,article,Статья 117
.\trudovoy.html,K1500000414,article,Статья 117
.\trudovoy.html,K1500000414,article,Статья 118
.\trudovoy.html,K1500000414,article,статьи 118
.\trudovoy.html,K1500000414,article,Статья 118
.\trudovoy.html,K1500000414,article,Статья 119
.\trudovoy.html,K1500000414,article,Статья 119
.\trudovoy.html,K1500000414,article,Статья 120
.\trudovoy.html,K1500000414,article,Статья 121
.\trudovoy.html,K1500000414,article,Статья 122
.\trudovoy.html,K1500000414,article,Статья 122
.\trudovoy.html,K1500000414,article,Статья 123
.\trudovoy.html,K1500000414,article,статьи 123
.\trudovoy.html,K1500000414,article,Статья 123
.\trudovoy.html,K1500000414,article,Статья 124
.\trudovoy.html,K1500000414,article,Статья 124
.\trudovoy.html,K1500000414,article,Статья 124
.\trudovoy.html,K1500000414,article,статьей 124
.\trudovoy.html,K1500000414,article,Статья 124
.\trudovoy.html,K1500000414,article,статьей 124
.\trudovoy.html,K1500000414,article,Статья 125
.\trudovoy.html,K1500000414,article,Статья 126
.\trudovoy.html,K1500000414,article,Статья 126
.\trudovoy.html,K1500000414,article,статьей 126
.\trudovoy.html,K1500000414,article,Статья 126
.\trudovoy.html,K1500000414,article,статьей 126
.\trudovoy.html,K1500000414,article,Статья 127
.\trudovoy.html,K1500000414,article,Статья 127
.\trudovoy.html,K1500000414,article,Статья 127
.\trudovoy.html,K1500000414,article,статьей 127
.\trudovoy.html,K1500000414,article,Статья 127
.\trudovoy.html,K1500000414,article,статьей 127
.\trudovoy.html,K1500000414,article,Статья 127
.\trudovoy.html,K1500000414,article,статьей 127
.\trudovoy.html,K1500000414,article,Статья 128
.\trudovoy.html,K1500000414,article,Статья 129
.\trudovoy.html,K1500000414,article,Статья 130
.\trudovoy.html,K1500000414,article,статьи 130
.\trudovoy.html,K1500000414,article,Статья 130
.\trudovoy.html,K1500000414,article,Статья 131
.\trudovoy.html,K1500000414,article,Статья 132
.\trudovoy.html,K1500000414,article,Статья 133
.\trudovoy.html,K1500000414,article,статьи 114
.\trudovoy.html,K1500000414,article,Статья 133
.\trudovoy.html,K1500000414,article,Статья 134
.\trudovoy.html,K1500000414,article,статьи 52
.\trudovoy.html,K1500000414,article,статьи 52
.\trudovoy.html,K1500000414,article,Статья 134
.\trudovoy.html,K1500000414,article,Статья 135
.\trudovoy.html,K1500000414,article,Статья 135
.\trudovoy.html,K1500000414,article,Статья 136
.\trudovoy.html,K1500000414,article,Статья 136
.\trudovoy.html,K1500000414,article,Статья 137
.\trudovoy.html,K1500000414,article,Статья 137
.\trudovoy.html,K1500000414,article,статьей 137
.\trudovoy.html,K1500000414,article,Статья 138
.\trudovoy.html,K1500000414,article,статьи 77
.\trudovoy.html,K1500000414,article,статьи 182
.\trudovoy.html,K1500000414,point_article,пункта 2 статьи 182
.\trudovoy.html,K1500000414,article,статьи 182
.\trudovoy.html,K1500000414,article,Статья 138
.\trudovoy.html,K1500000414,article,Статья 139
.\trudovoy.html,K1500000414,article,Статья 139
.\trudovoy.html,K1500000414,article,статьей 139
.\trudovoy.html,K1500000414,article,Статья 140
.\trudovoy.html,K1500000414,article,статьи 140
.\trudovoy.html,K1500000414,article,Статья 140
.\trudovoy.html,K1500000414,article,Статья 141
.\trudovoy.html,K1500000414,article,Статья 141
.\trudovoy.html,K1500000414,article,Статья 142
.\trudovoy.html,K1500000414,article,Статья 143
.\trudovoy.html,K1500000414,article,Статья 143
.\trudovoy.html,K1500000414,article,Статья 143
.\trudovoy.html,K1500000414,article,статьей 143
.\trudovoy.html,K1500000414,article,Статья 144
.\trudovoy.html,K1500000414,article,Статья 144
.\trudovoy.html,K1500000414,article,Статья 145
.\trudovoy.html,K1500000414,article,Статья 145
.\trudovoy.html,K1500000414,article,статьей 145
.\trudovoy.html,K1500000414,article,Статья 146
.\trudovoy.html,K1500000414,article,Статья 146
.\trudovoy.html,K1500000414,point_article,пункта 1 статьи 30
.\trudovoy.html,K1500000414,article,статьи 30
.\trudovoy.html,K1500000414,article,статьей 146
.\trudovoy.html,K1500000414,article,Статья 147
.\trudovoy.html,K1500000414,article,Статья 147
.\trudovoy.html,K1500000414,article,Статья 148
.\trudovoy.html,K1500000414,article,Статья 148
.\trudovoy.html,K1500000414,article,Статья 149
.\trudovoy.html,K1500000414,article,Статья 150
.\trudovoy.html,K1500000414,article,Статья 150
.\trudovoy.html,K1500000414,article,Статья 151
.\trudovoy.html,K1500000414,article,Статья 152
.\trudovoy.html,K1500000414,article,Статья 152
.\trudovoy.html,K1500000414,article,Статья 153
.\trudovoy.html,K1500000414,article,Статья 153
.\trudovoy.html,K1500000414,article,Статья 154
.\trudovoy.html,K1500000414,article,Статья 155
.\trudovoy.html,K1500000414,article,Статья 156
.\trudovoy.html,K1500000414,article,Статья 156
.\trudovoy.html,K1500000414,article,Статья 157
.\trudovoy.html,K1500000414,article,Статья 157
.\trudovoy.html,K1500000414,article,Статья 158
.\trudovoy.html,K1500000414,article,Статья 158
.\trudovoy.html,K1500000414,article,Статья 159
.\trudovoy.html,K1500000414,article,Статья 159
.\trudovoy.html,K1500000414,article,Статья 160
.\trudovoy.html,K1500000414,article,статьи 160
.\trudovoy.html,K1500000414,article,Статья 160
.\trudovoy.html,K1500000414,article,Статья 161
.\trudovoy.html,K1500000414,article,Статья 161
.\trudovoy.html,K1500000414,article,Статья 162
.\trudovoy.html,K1500000414,article,Статья 163
.\trudovoy.html,K1500000414,article,Статья 163
.\trudovoy.html,K1500000414,article,Статья 164
.\trudovoy.html,K1500000414,article,Статья 164
.\trudovoy.html,K1500000414,article,Статья 165
.\trudovoy.html,K1500000414,article,Статья 165
.\trudovoy.html,K1500000414,article,Статья 166
.\trudovoy.html,K1500000414,article,статьи 176
.\trudovoy.html,K1500000414,article,Статья 166
.\trudovoy.html,K1500000414,article,Статья 167
.\trudovoy.html,K1500000414,article,Статья 168
.\trudovoy.html,K1500000414,article,Статья 169
.\trudovoy.html,K1500000414,article,Статья 170
.\trudovoy.html,K1500000414,article,статьи 164
.\trudovoy.html,K1500000414,article,Статья 170
.\trudovoy.html,K1500000414,article,Статья 171
.\trudovoy.html,K1500000414,article,Статья 171
.\trudovoy.html,K1500000414,article,Статья 172
.\trudovoy.html,K1500000414,article,статьи 171
.\trudovoy.html,K1500000414,article,Статья 172
.\trudovoy.html,K1500000414,article,Статья 173
.\trudovoy.html,K1500000414,article,Статья 173
.\trudovoy.html,K1500000414,article,Статья 174
.\trudovoy.html,K1500000414,article,Статья 175
.\trudovoy.html,K1500000414,article,статьи 176
.\trudovoy.html,K1500000414,article,Статья 175
.\trudovoy.html,K1500000414,article,Статья 176
.\trudovoy.html,K1500000414,article,Статья 176
.\trudovoy.html,K1500000414,article,Статья 177
.\trudovoy.html,K1500000414,article,Статья 178
.\trudovoy.html,K1500000414,article,статьи 52
.\trudovoy.html,K1500000414,article,Статья 179
.\trudovoy.html,K1500000414,article,Статья 180
.\trudovoy.html,K1500000414,article,Статья 181
.\trudovoy.html,K1500000414,article,Статья 181
.\trudovoy.html,K1500000414,article,Статья 181
.\trudovoy.html,K1500000414,article,статьей 181
.\trudovoy.html,K1500000414,article,Статья 182
.\trudovoy.html,K1500000414,article,Статья 182
.\trudovoy.html,K1500000414,article,Статья 182
.\trudovoy.html,K1500000414,article,статьей 182
.\trudovoy.html,K1500000414,article,Статья 183
.\trudovoy.html,K1500000414,article,Статья 183
.\trudovoy.html,K1500000414,article,Статья 184
.\trudovoy.html,K1500000414,article,Статья 184
.\trudovoy.html,K1500000414,article,Статья 185
.\trudovoy.html,K1500000414,article,Статья 185
.\trudovoy.html,K1500000414,article,Статья 186
.\trudovoy.html,K1500000414,article,Статья 186
.\trudovoy.html,K1500000414,article,Статья 187
.\trudovoy.html,K1500000414,article,Статья 187
.\trudovoy.html,K1500000414,article,Статья 187
.\trudovoy.html,K1500000414,article,статьей 187
.\trudovoy.html,K1500000414,article,Статья 188
.\trudovoy.html,K1500000414,article,Статья 188
.\trudovoy.html,K1500000414,article,Статья 188
.\trudovoy.html,K1500000414,article,статьей 188
.\trudovoy.html,K1500000414,article,Статья 189
.\trudovoy.html,K1500000414,article,Статья 189
.\trudovoy.html,K1500000414,article,Статья 190
.\trudovoy.html,K1500000414,article,Статья 190
.\trudovoy.html,K1500000414,article,Статья 191
.\trudovoy.html,K1500000414,article,Статья 191
.\trudovoy.html,K1500000414,article,Статья 192
.\trudovoy.html,K1500000414,article,Статья 193
.\trudovoy.html,K1500000414,article,Статья 193
.\trudovoy.html,K1500000414,article,Статья 194
.\trudovoy.html,K1500000414,article,Статья 195
.\trudovoy.html,K1500000414,point_article,пункта 3 статьи 198
.\trudovoy.html,K1500000414,article,статьи 198
.\trudovoy.html,K1500000414,article,Статья 195
.\trudovoy.html,K1500000414,article,Статья 196
.\trudovoy.html,K1500000414,article,Статья 197
.\trudovoy.html,K1500000414,article,Статья 197
.\trudovoy.html,K1500000414,article,Статья 198
.\trudovoy.html,K1500000414,article,Статья 198
.\trudovoy.html,K1500000414,article,Статья 199
.\trudovoy.html,K1500000414,article,Статья 199
.\trudovoy.html,K1500000414,article,Статья 200
.\trudovoy.html,K1500000414,article,Статья 200
.\trudovoy.html,K1500000414,article,Статья 201
.\trudovoy.html,K1500000414,article,Статья 201
.\trudovoy.html,K1500000414,article,Статья 202
.\trudovoy.html,K1500000414,article,Статья 202
.\trudovoy.html,K1500000414,article,Статья 203
.\trudovoy.html,K1500000414,article,Статья 203
.\trudovoy.html,K1500000414,article,Статья 204
.\trudovoy.html,K1500000414,point_article,пункта 1 статьи 1
.\trudovoy.html,K1500000414,article,статьи 1
.\trudovoy.html,K1500000414,article,статьи 26
.\trudovoy.html,K1500000414,article,статьи 30
.\trudovoy.html,K1500000414,article,статьи 57
.\ugolovniy.html,K1400000226,article,Статья 1
.\ugolovniy.html,K1400000226,article,Статья 1
.\ugolovniy.html,K1400000226,article,Статья 2
.\ugolovniy.html,K1400000226,article,Статья 3
.\ugolovniy.html,K1400000226,article,статьи 108
.\ugolovniy.html,K1400000226,article,статьи 125
.\ugolovniy.html,K1400000226,article,Статья 3
.\ugolovniy.html,K1400000226,article,Статья 4
.\ugolovniy.html,K1400000226,article,Статья 5
.\ugolovniy.html,K1400000226,article,Статья 6
.\ugolovniy.html,K1400000226,article,Статья 7
.\ugolovniy.html,K1400000226,article,Статья 8
.\ugolovniy.html,K1400000226,article,Статья 8
.\ugolovniy.html,K1400000226,article,Статья 9
.\ugolovniy.html,K1400000226,article,Статья 10
.\ugolovniy.html,K1400000226,article,Статья 10
.\ugolovniy.html,K1400000226,article,Статья 11
.\ugolovniy.html,K1400000226,article,Статья 11
.\ugolovniy.html,K1400000226,article,Статья 12
.\ugolovniy.html,K1400000226,article,Статья 13
.\ugolovniy.html,K1400000226,article,Статья 14
.\ugolovniy.html,K1400000226,article,Статья 15
.\ugolovniy.html,K1400000226,article,статьи 188
.\ugolovniy.html,K1400000226,article,Статья 15
.\ugolovniy.html,K1400000226,article,Статья 16
.\ugolovniy.html,K1400000226,article,Статья 17
.\ugolovniy.html,K1400000226,article,Статья 18
.\ugolovniy.html,K1400000226,article,Статья 19
.\ugolovniy.html,K1400000226,article,Статья 20
.\ugolovniy.html,K1400000226,article,Статья 21
.\ugolovniy.html,K1400000226,article,Статья 22
.\ugolovniy.html,K1400000226,article,Статья 23
.\ugolovniy.html,K1400000226,article,Статья 24
.\ugolovniy.html,K1400000226,article,Статья 25
.\ugolovniy.html,K1400000226,article,Статья 26
.\ugolovniy.html,K1400000226,article,Статья 27
.\ugolovniy.html,K1400000226,article,Статья 28
.\ugolovniy.html,K1400000226,article,Статья 29
.\ugolovniy.html,K1400000226,article,Статья 30
.\ugolovniy.html,K1400000226,article,Статья 31
.\ugolovniy.html,K1400000226,article,Статья 31
.\ugolovniy.html,K1400000226,article,Статья 32
.\ugolovniy.html,K1400000226,article,Статья 32
.\ugolovniy.html,K1400000226,article,Статья 33
.\ugolovniy.html,K1400000226,article,Статья 34
.\ugolovniy.html,K1400000226,article,Статья 35
.\ugolovniy.html,K1400000226,article,Статья 35
.\ugolovniy.html,K1400000226,article,Статья 36
.\ugolovniy.html,K1400000226,article,Статья 37
.\ugolovniy.html,K1400000226,article,Статья 38
.\ugolovniy.html,K1400000226,article,Статья 39
.\ugolovniy.html,K1400000226,article,Статья 40
.\ugolovniy.html,K1400000226,article,Статья 40
.\ugolovniy.html,K1400000226,article,Статья 41
.\ugolovniy.html,K1400000226,article,Статья 41
.\ugolovniy.html,K1400000226,article,Статья 42
.\ugolovniy.html,K1400000226,article,Статья 42
.\ugolovniy.html,K1400000226,article,Статья 43
.\ugolovniy.html,K1400000226,article,Статья 43
.\ugolovniy.html,K1400000226,article,Статья 44
.\ugolovniy.html,K1400000226,article,Статья 44
.\ugolovniy.html,K1400000226,article,статьи 45
.\ugolovniy.html,K1400000226,article,Статья 45
.\ugolovniy.html,K1400000226,article,Статья 45
.\ugolovniy.html,K1400000226,article,Статья 46
.\ugolovniy.html,K1400000226,article,Статья 46
.\ugolovniy.html,K1400000226,article,Статья 47
.\ugolovniy.html,K1400000226,article,Статья 47
.\ugolovniy.html,K1400000226,article,Статья 48
.\ugolovniy.html,K1400000226,article,Статья 48
.\ugolovniy.html,K1400000226,article,Статья 49
.\ugolovniy.html,K1400000226,article,Статья 50
.\ugolovniy.html,K1400000226,article,статьи 345
.\ugolovniy.html,K1400000226,article,статьей 346
.\ugolovniy.html,K1400000226,article,Статья 50
.\ugolovniy.html,K1400000226,article,Статья 50
.\ugolovniy.html,K1400000226,article,статьей 50
.\ugolovniy.html,K1400000226,article,Статья 51
.\ugolovniy.html,K1400000226,article,Статья 51
.\ugolovniy.html,K1400000226,article,Статья 52
.\ugolovniy.html,K1400000226,article,Статья 53
.\ugolovniy.html,K1400000226,article,Статья 53
.\ugolovniy.html,K1400000226,article,Статья 54
.\ugolovniy.html,K1400000226,article,Статья 54
.\ugolovniy.html,K1400000226,article,Статья 55
.\ugolovniy.html,K1400000226,article,Статья 55
.\ugolovniy.html,K1400000226,article,Статья 56
.\ugolovniy.html,K1400000226,article,статьи 46
.\ugolovniy.html,K1400000226,article,Статья 56
.\ugolovniy.html,K1400000226,article,Статья 57
.\ugolovniy.html,K1400000226,article,Статья 58
.\ugolovniy.html,K1400000226,article,Статья 58
.\ugolovniy.html,K1400000226,article,Статья 59
.\ugolovniy.html,K1400000226,article,Статья 60
.\ugolovniy.html,K1400000226,article,Статья 60
.\ugolovniy.html,K1400000226,article,Статья 61
.\ugolovniy.html,K1400000226,article,Статья 61
.\ugolovniy.html,K1400000226,article,Статья 62
.\ugolovniy.html,K1400000226,article,Статья 62
.\ugolovniy.html,K1400000226,article,Статья 63
.\ugolovniy.html,K1400000226,article,Статья 63
.\ugolovniy.html,K1400000226,article,Статья 64
.\ugolovniy.html,K1400000226,article,Статья 65
.\ugolovniy.html,K1400000226,article,Статья 65
.\ugolovniy.html,K1400000226,article,Статья 66
.\ugolovniy.html,K1400000226,article,Статья 67
.\ugolovniy.html,K1400000226,article,статьи 67
.\ugolovniy.html,K1400000226,article,Статья 67
.\ugolovniy.html,K1400000226,article,Статья 67
.\ugolovniy.html,K1400000226,article,статьей 67
.\ugolovniy.html,K1400000226,article,Статья 68
.\ugolovniy.html,K1400000226,article,Статья 68
.\ugolovniy.html,K1400000226,article,Статья 69
.\ugolovniy.html,K1400000226,article,статьи 69
.\ugolovniy.html,K1400000226,article,Статья 69
.\ugolovniy.html,K1400000226,article,Статья 70
.\ugolovniy.html,K1400000226,article,Статья 71
.\ugolovniy.html,K1400000226,article,Статья 71
.\ugolovniy.html,K1400000226,article,Статья 72
.\ugolovniy.html,K1400000226,article,статьи 72
.\ugolovniy.html,K1400000226,article,Статья 72
.\ugolovniy.html,K1400000226,article,Статья 73
.\ugolovniy.html,K1400000226,article,Статья 73
.\ugolovniy.html,K1400000226,article,Статья 74
.\ugolovniy.html,K1400000226,article,статьи 74
.\ugolovniy.html,K1400000226,article,Статья 74
.\ugolovniy.html,K1400000226,article,Статья 75
.\ugolovniy.html,K1400000226,article,статьи 75
.\ugolovniy.html,K1400000226,article,Статья 75
.\ugolovniy.html,K1400000226,article,Статья 76
.\ugolovniy.html,K1400000226,article,Статья 76
.\ugolovniy.html,K1400000226,article,Статья 77
.\ugolovniy.html,K1400000226,article,Статья 77
.\ugolovniy.html,K1400000226,article,Статья 78
.\ugolovniy.html,K1400000226,article,Статья 78
.\ugolovniy.html,K1400000226,article,Статья 79
.\ugolovniy.html,K1400000226,article,Статья 79
.\ugolovniy.html,K1400000226,article,Статья 80
.\ugolovniy.html,K1400000226,article,Статья 81
.\ugolovniy.html,K1400000226,article,Статья 81
.\ugolovniy.html,K1400000226,article,Статья 82
.\ugolovniy.html,K1400000226,article,Статья 83
.\ugolovniy.html,K1400000226,article,Статья 83
.\ugolovniy.html,K1400000226,article,Статья 84
.\ugolovniy.html,K1400000226,article,Статья 85
.\ugolovniy.html,K1400000226,article,Статья 86
.\ugolovniy.html,K1400000226,article,Статья 87
.\ugolovniy.html,K1400000226,article,Статья 88
.\ugolovniy.html,K1400000226,article,Статья 89
.\ugolovniy.html,K1400000226,article,Статья 89
.\ugolovniy.html,K1400000226,article,Статья 90
.\ugolovniy.html,K1400000226,article,Статья 91
.\ugolovniy.html,K1400000226,article,Статья 91
.\ugolovniy.html,K1400000226,article,Статья 92
.\ugolovniy.html,K1400000226,article,Статья 93
.\ugolovniy.html,K1400000226,article,Статья 93
.\ugolovniy.html,K1400000226,article,Статья 94
.\ugolovniy.html,K1400000226,article,Статья 95
.\ugolovniy.html,K1400000226,article,Статья 96
.\ugolovniy.html,K1400000226,article,Статья 97
.\ugolovniy.html,K1400000226,article,Статья 98
.\ugolovniy.html,K1400000226,article,статьи 91
.\ugolovniy.html,K1400000226,article,статьи 91
.\ugolovniy.html,K1400000226,article,Статья 98
.\ugolovniy.html,K1400000226,article,Статья 98
.\ugolovniy.html,K1400000226,article,статьей 98
.\ugolovniy.html,K1400000226,article,статьей 98
.\ugolovniy.html,K1400000226,article,Статья 98
.\ugolovniy.html,K1400000226,article,статьей 98
.\ugolovniy.html,K1400000226,article,Статья 98
.\ugolovniy.html,K1400000226,article,статьи 108
.\ugolovniy.html,K1400000226,article,статьи 109
.\ugolovniy.html,K1400000226,article,статьей 98
.\ugolovniy.html,K1400000226,article,Статья 99
.\ugolovniy.html,K1400000226,article,Статья 99
.\ugolovniy.html,K1400000226,article,Статья 100
.\ugolovniy.html,K1400000226,article,Статья 101
.\ugolovniy.html,K1400000226,article,Статья 102
.\ugolovniy.html,K1400000226,article,Статья 103
.\ugolovniy.html,K1400000226,article,Статья 104
.\ugolovniy.html,K1400000226,article,Статья 105
.\ugolovniy.html,K1400000226,article,Статья 105
.\ugolovniy.html,K1400000226,article,Статья 106
.\ugolovniy.html,K1400000226,article,Статья 106
.\ugolovniy.html,K1400000226,article,Статья 107
.\ugolovniy.html,K1400000226,article,Статья 107
.\ugolovniy.html,K1400000226,article,Статья 108
.\ugolovniy.html,K1400000226,article,Статья 108
.\ugolovniy.html,K1400000226,article,Статья 108
.\ugolovniy.html,K1400000226,article,статьей 108
.\ugolovniy.html,K1400000226,article,Статья 109
.\ugolovniy.html,K1400000226,article,Статья 109
.\ugolovniy.html,K1400000226,article,Статья 109
.\ugolovniy.html,K1400000226,article,статьей 109
.\ugolovniy.html,K1400000226,article,Статья 110
.\ugolovniy.html,K1400000226,article,Статья 110
.\ugolovniy.html,K1400000226,article,Статья 111
.\ugolovniy.html,K1400000226,article,Статья 111
.\ugolovniy.html,K1400000226,article,Статья 112
.\ugolovniy.html,K1400000226,article,Статья 112
.\ugolovniy.html,K1400000226,article,Статья 113
.\ugolovniy.html,K1400000226,article,Статья 113
.\ugolovniy.html,K1400000226,article,Статья 114
.\ugolovniy.html,K1400000226,article,Статья 114
.\ugolovniy.html,K1400000226,article,Статья 115
.\ugolovniy.html,K1400000226,article,Статья 115
.\ugolovniy.html,K1400000226,article,Статья 115
.\ugolovniy.html,K1400000226,article,статьей 115
.\ugolovniy.html,K1400000226,article,Статья 116
.\ugolovniy.html,K1400000226,article,Статья 116
.\ugolovniy.html,K1400000226,article,Статья 117
.\ugolovniy.html,K1400000226,article,Статья 117
.\ugolovniy.html,K1400000226,article,Статья 118
.\ugolovniy.html,K1400000226,article,Статья 118
.\ugolovniy.html,K1400000226,article,Статья 119
.\ugolovniy.html,K1400000226,article,Статья 120
.\ugolovniy.html,K1400000226,article,Статья 120
.\ugolovniy.html,K1400000226,article,Статья 121
.\ugolovniy.html,K1400000226,article,Статья 121
.\ugolovniy.html,K1400000226,article,Статья 121
.\ugolovniy.html,K1400000226,article,статьей 121
.\ugolovniy.html,K1400000226,article,Статья 122
.\ugolovniy.html,K1400000226,article,Статья 122
.\ugolovniy.html,K1400000226,article,Статья 123
.\ugolovniy.html,K1400000226,article,Статья 123
.\ugolovniy.html,K1400000226,article,Статья 124
.\ugolovniy.html,K1400000226,article,Статья 124
.\ugolovniy.html,K1400000226,article,Статья 124
.\ugolovniy.html,K1400000226,article,Статья 125
.\ugolovniy.html,K1400000226,article,Статья 125
.\ugolovniy.html,K1400000226,article,Статья 125
.\ugolovniy.html,K1400000226,article,статьей 125
.\ugolovniy.html,K1400000226,article,Статья 126
.\ugolovniy.html,K1400000226,article,Статья 126
.\ugolovniy.html,K1400000226,article,Статья 127
.\ugolovniy.html,K1400000226,article,Статья 127
.\ugolovniy.html,K1400000226,article,Статья 128
.\ugolovniy.html,K1400000226,article,Статья 128
.\ugolovniy.html,K1400000226,article,Статья 129
.\ugolovniy.html,K1400000226,article,Статья 129
.\ugolovniy.html,K1400000226,article,Статья 130
.\ugolovniy.html,K1400000226,article,Статья 130
.\ugolovniy.html,K1400000226,article,Статья 131
.\ugolovniy.html,K1400000226,article,Статья 131
.\ugolovniy.html,K1400000226,article,Статья 132
.\ugolovniy.html,K1400000226,article,Статья 132
.\ugolovniy.html,K1400000226,article,Статья 133
.\ugolovniy.html,K1400000226,article,Статья 133
.\ugolovniy.html,K1400000226,article,Статья 134
.\ugolovniy.html,K1400000226,article,статьи 134
.\ugolovniy.html,K1400000226,article,Статья 134
.\ugolovniy.html,K1400000226,article,Статья 135
.\ugolovniy.html,K1400000226,article,Статья 135
.\ugolovniy.html,K1400000226,article,Статья 136
.\ugolovniy.html,K1400000226,article,Статья 137
.\ugolovniy.html,K1400000226,article,Статья 137
.\ugolovniy.html,K1400000226,article,Статья 138
.\ugolovniy.html,K1400000226,article,Статья 138
.\ugolovniy.html,K1400000226,article,Статья 139
.\ugolovniy.html,K1400000226,article,Статья 139
.\ugolovniy.html,K1400000226,article,Статья 140
.\ugolovniy.html,K1400000226,article,Статья 140
.\ugolovniy.html,K1400000226,article,Статья 141
.\ugolovniy.html,K1400000226,article,Статья 141
.\ugolovniy.html,K1400000226,article,Статья 142
.\ugolovniy.html,K1400000226,article,Статья 142
.\ugolovniy.html,K1400000226,article,Статья 143
.\ugolovniy.html,K1400000226,article,Статья 143
.\ugolovniy.html,K1400000226,article,Статья 144
.\ugolovniy.html,K1400000226,article,статьи 144
.\ugolovniy.html,K1400000226,article,Статья 144
.\ugolovniy.html,K1400000226,article,Статья 145
.\ugolovniy.html,K1400000226,article,Статья 145
.\ugolovniy.html,K1400000226,article,Статья 146
.\ugolovniy.html,K1400000226,article,Статья 146
.\ugolovniy.html,K1400000226,article,Статья 147
.\ugolovniy.html,K1400000226,article,Статья 147
.\ugolovniy.html,K1400000226,article,Статья 148
.\ugolovniy.html,K1400000226,article,Статья 148
.\ugolovniy.html,K1400000226,article,Статья 149
.\ugolovniy.html,K1400000226,article,Статья 149
.\ugolovniy.html,K1400000226,article,Статья 150
.\ugolovniy.html,K1400000226,article,Статья 150
.\ugolovniy.html,K1400000226,article,Статья 151
.\ugolovniy.html,K1400000226,article,Статья 152
.\ugolovniy.html,K1400000226,article,Статья 152
.\ugolovniy.html,K1400000226,article,Статья 153
.\ugolovniy.html,K1400000226,article,Статья 153
.\ugolovniy.html,K1400000226,article,Статья 154
.\ugolovniy.html,K1400000226,article,Статья 154
.\ugolovniy.html,K1400000226,article,Статья 155
.\ugolovniy.html,K1400000226,article,статьи 155
.\ugolovniy.html,K1400000226,article,Статья 155
.\ugolovniy.html,K1400000226,article,Статья 156
.\ugolovniy.html,K1400000226,article,Статья 156
.\ugolovniy.html,K1400000226,article,Статья 157
.\ugolovniy.html,K1400000226,article,Статья 158
.\ugolovniy.html,K1400000226,article,Статья 159
.\ugolovniy.html,K1400000226,article,Статья 159
.\ugolovniy.html,K1400000226,article,Статья 160
.\ugolovniy.html,K1400000226,article,Статья 160
.\ugolovniy.html,K1400000226,article,Статья 161
.\ugolovniy.html,K1400000226,article,Статья 161
.\ugolovniy.html,K1400000226,article,Статья 162
.\ugolovniy.html,K1400000226,article,статьи 162
.\ugolovniy.html,K1400000226,article,Статья 162
.\ugolovniy.html,K1400000226,article,Статья 163
.\ugolovniy.html,K1400000226,article,Статья 163
.\ugolovniy.html,K1400000226,article,Статья 164
.\ugolovniy.html,K1400000226,article,Статья 164
.\ugolovniy.html,K1400000226,article,Статья 165
.\ugolovniy.html,K1400000226,article,Статья 166
.\ugolovniy.html,K1400000226,article,Статья 167
.\ugolovniy.html,K1400000226,article,Статья 168
.\ugolovniy.html,K1400000226,article,Статья 168
.\ugolovniy.html,K1400000226,article,Статья 169
.\ugolovniy.html,K1400000226,article,Статья 169
.\ugolovniy.html,K1400000226,article,Статья 170
.\ugolovniy.html,K1400000226,article,Статья 170
.\ugolovniy.html,K1400000226,article,Статья 171
.\ugolovniy.html,K1400000226,article,Статья 171
.\ugolovniy.html,K1400000226,article,Статья 172
.\ugolovniy.html,K1400000226,article,Статья 172
.\ugolovniy.html,K1400000226,article,Статья 173
.\ugolovniy.html,K1400000226,article,Статья 173
.\ugolovniy.html,K1400000226,article,Статья 174
.\ugolovniy.html,K1400000226,article,статьи 174
.\ugolovniy.html,K1400000226,article,Статья 174
.\ugolovniy.html,K1400000226,article,Статья 175
.\ugolovniy.html,K1400000226,article,Статья 175
.\ugolovniy.html,K1400000226,article,Статья 176
.\ugolovniy.html,K1400000226,article,Статья 177
.\ugolovniy.html,K1400000226,article,статьи 177
.\ugolovniy.html,K1400000226,article,Статья 177
.\ugolovniy.html,K1400000226,article,Статья 178
.\ugolovniy.html,K1400000226,article,Статья 178
.\ugolovniy.html,K1400000226,article,Статья 179
.\ugolovniy.html,K1400000226,article,Статья 179
.\ugolovniy.html,K1400000226,article,Статья 180
.\ugolovniy.html,K1400000226,article,Статья 180
.\ugolovniy.html,K1400000226,article,Статья 181
.\ugolovniy.html,K1400000226,article,Статья 181
.\ugolovniy.html,K1400000226,article,Статья 182
.\ugolovniy.html,K1400000226,article,Статья 182
.\ugolovniy.html,K1400000226,article,Статья 183
.\ugolovniy.html,K1400000226,article,Статья 183
.\ugolovniy.html,K1400000226,article,Статья 184
.\ugolovniy.html,K1400000226,article,Статья 184
.\ugolovniy.html,K1400000226,article,Статья 185
.\ugolovniy.html,K1400000226,article,Статья 186
.\ugolovniy.html,K1400000226,article,Статья 186
.\ugolovniy.html,K1400000226,article,Статья 187
.\ugolovniy.html,K1400000226,article,Статья 187
.\ugolovniy.html,K1400000226,article,Статья 188
.\ugolovniy.html,K1400000226,article,Статья 188
.\ugolovniy.html,K1400000226,article,Статья 188
.\ugolovniy.html,K1400000226,article,статьей 188
.\ugolovniy.html,K1400000226,article,Статья 189
.\ugolovniy.html,K1400000226,article,Статья 189
.\ugolovniy.html,K1400000226,article,Статья 190
.\ugolovniy.html,K1400000226,article,Статья 190
.\ugolovniy.html,K1400000226,article,Статья 191
.\ugolovniy.html,K1400000226,article,Статья 191
.\ugolovniy.html,K1400000226,article,Статья 192
.\ugolovniy.html,K1400000226,article,Статья 192
.\ugolovniy.html,K1400000226,article,Статья 193
.\ugolovniy.html,K1400000226,article,Статья 194
.\ugolovniy.html,K1400000226,article,Статья 194
.\ugolovniy.html,K1400000226,article,Статья 195
.\ugolovniy.html,K1400000226,article,Статья 195
.\ugolovniy.html,K1400000226,article,Статья 196
.\ugolovniy.html,K1400000226,article,Статья 196
.\ugolovniy.html,K1400000226,article,Статья 197
.\ugolovniy.html,K1400000226,article,Статья 197
.\ugolovniy.html,K1400000226,article,Статья 198
.\ugolovniy.html,K1400000226,article,Статья 198
.\ugolovniy.html,K1400000226,article,Статья 199
.\ugolovniy.html,K1400000226,article,Статья 199
.\ugolovniy.html,K1400000226,article,Статья 200
.\ugolovniy.html,K1400000226,article,Статья 200
.\ugolovniy.html,K1400000226,article,Статья 201
.\ugolovniy.html,K1400000226,article,Статья 201
.\ugolovniy.html,K1400000226,article,Статья 202
.\ugolovniy.html,K1400000226,article,Статья 202
.\ugolovniy.html,K1400000226,article,Статья 203
.\ugolovniy.html,K1400000226,article,статьи 203
.\ugolovniy.html,K1400000226,article,Статья 203
.\ugolovniy.html,K1400000226,article,Статья 204
.\ugolovniy.html,K1400000226,article,Статья 204
.\ugolovniy.html,K1400000226,article,Статья 205
.\ugolovniy.html,K1400000226,article,статьи 205
.\ugolovniy.html,K1400000226,article,Статья 205
.\ugolovniy.html,K1400000226,article,Статья 206
.\ugolovniy.html,K1400000226,article,Статья 206
.\ugolovniy.html,K1400000226,article,Статья 207
.\ugolovniy.html,K1400000226,article,статьи 207
.\ugolovniy.html,K1400000226,article,Статья 207
.\ugolovniy.html,K1400000226,article,Статья 208
.\ugolovniy.html,K1400000226,article,Статья 208
.\ugolovniy.html,K1400000226,article,Статья 209
.\ugolovniy.html,K1400000226,article,Статья 209
.\ugolovniy.html,K1400000226,article,Статья 210
.\ugolovniy.html,K1400000226,article,Статья 210
.\ugolovniy.html,K1400000226,article,Статья 211
.\ugolovniy.html,K1400000226,article,Статья 211
.\ugolovniy.html,K1400000226,article,Статья 212
.\ugolovniy.html,K1400000226,article,Статья 212
.\ugolovniy.html,K1400000226,article,Статья 213
.\ugolovniy.html,K1400000226,article,Статья 213
.\ugolovniy.html,K1400000226,article,Статья 214
.\ugolovniy.html,K1400000226,article,статьи 214
.\ugolovniy.html,K1400000226,article,статьи 214
.\ugolovniy.html,K1400000226,article,Статья 214
.\ugolovniy.html,K1400000226,article,Статья 214
.\ugolovniy.html,K1400000226,article,статьей 214
.\ugolovniy.html,K1400000226,article,Статья 214
.\ugolovniy.html,K1400000226,article,статьей 214
.\ugolovniy.html,K1400000226,article,Статья 215
.\ugolovniy.html,K1400000226,article,Статья 215
.\ugolovniy.html,K1400000226,article,Статья 216
.\ugolovniy.html,K1400000226,article,Статья 216
.\ugolovniy.html,K1400000226,article,Статья 217
.\ugolovniy.html,K1400000226,article,Статья 217
.\ugolovniy.html,K1400000226,article,Статья 217
.\ugolovniy.html,K1400000226,article,статьей 217
.\ugolovniy.html,K1400000226,article,Статья 218
.\ugolovniy.html,K1400000226,article,Статья 218
.\ugolovniy.html,K1400000226,article,Статья 218
.\ugolovniy.html,K1400000226,article,статьей 218
.\ugolovniy.html,K1400000226,article,Статья 219
.\ugolovniy.html,K1400000226,article,Статья 219
.\ugolovniy.html,K1400000226,article,Статья 220
.\ugolovniy.html,K1400000226,article,Статья 220
.\ugolovniy.html,K1400000226,article,Статья 221
.\ugolovniy.html,K1400000226,article,Статья 221
.\ugolovniy.html,K1400000226,article,Статья 222
.\ugolovniy.html,K1400000226,article,Статья 222
.\ugolovniy.html,K1400000226,article,Статья 223
.\ugolovniy.html,K1400000226,article,статьи 223
.\ugolovniy.html,K1400000226,article,Статья 223
.\ugolovniy.html,K1400000226,article,Статья 224
.\ugolovniy.html,K1400000226,article,Статья 224
.\ugolovniy.html,K1400000226,article,Статья 225
.\ugolovniy.html,K1400000226,article,Статья 225
.\ugolovniy.html,K1400000226,article,Статья 226
.\ugolovniy.html,K1400000226,article,Статья 226
.\ugolovniy.html,K1400000226,article,Статья 227
.\ugolovniy.html,K1400000226,article,Статья 227
.\ugolovniy.html,K1400000226,article,Статья 228
.\ugolovniy.html,K1400000226,article,Статья 228
.\ugolovniy.html,K1400000226,article,Статья 229
.\ugolovniy.html,K1400000226,article,Статья 229
.\ugolovniy.html,K1400000226,article,Статья 230
.\ugolovniy.html,K1400000226,article,Статья 230
.\ugolovniy.html,K1400000226,article,Статья 231
.\ugolovniy.html,K1400000226,article,Статья 232
.\ugolovniy.html,K1400000226,article,Статья 232
.\ugolovniy.html,K1400000226,article,Статья 232
.\ugolovniy.html,K1400000226,article,статьей 232
.\ugolovniy.html,K1400000226,article,Статья 233
.\ugolovniy.html,K1400000226,article,Статья 233
.\ugolovniy.html,K1400000226,article,Статья 233
.\ugolovniy.html,K1400000226,article,статьей 233
.\ugolovniy.html,K1400000226,article,Статья 234
.\ugolovniy.html,K1400000226,article,Статья 234
.\ugolovniy.html,K1400000226,article,Статья 235
.\ugolovniy.html,K1400000226,article,Статья 235
.\ugolovniy.html,K1400000226,article,Статья 235
.\ugolovniy.html,K1400000226,article,статьей 235
.\ugolovniy.html,K1400000226,article,Статья 236
.\ugolovniy.html,K1400000226,article,статьи 236
.\ugolovniy.html,K1400000226,article,Статья 236
.\ugolovniy.html,K1400000226,article,Статья 237
.\ugolovniy.html,K1400000226,article,Статья 237
.\ugolovniy.html,K1400000226,article,Статья 238
.\ugolovniy.html,K1400000226,article,Статья 238
.\ugolovniy.html,K1400000226,article,Статья 239
.\ugolovniy.html,K1400000226,article,Статья 239
.\ugolovniy.html,K1400000226,article,Статья 240
.\ugolovniy.html,K1400000226,article,Статья 240
.\ugolovniy.html,K1400000226,article,Статья 241
.\ugolovniy.html,K1400000226,article,Статья 241
.\ugolovniy.html,K1400000226,article,Статья 242
.\ugolovniy.html,K1400000226,article,Статья 242
.\ugolovniy.html,K1400000226,article,Статья 243
.\ugolovniy.html,K1400000226,article,Статья 243
.\ugolovniy.html,K1400000226,article,Статья 244
.\ugolovniy.html,K1400000226,article,Статья 244
.\ugolovniy.html,K1400000226,article,Статья 245
.\ugolovniy.html,K1400000226,article,статьи 245
.\ugolovniy.html,K1400000226,article,Статья 245
.\ugolovniy.html,K1400000226,article,Статья 246
.\ugolovniy.html,K1400000226,article,статьи 246
.\ugolovniy.html,K1400000226,article,Статья 246
.\ugolovniy.html,K1400000226,article,Статья 247
.\ugolovniy.html,K1400000226,article,Статья 247
.\ugolovniy.html,K1400000226,article,Статья 248
.\ugolovniy.html,K1400000226,article,Статья 248
.\ugolovniy.html,K1400000226,article,Статья 249
.\ugolovniy.html,K1400000226,article,Статья 249
.\ugolovniy.html,K1400000226,article,Статья 250
.\ugolovniy.html,K1400000226,article,Статья 250
.\ugolovniy.html,K1400000226,article,Статья 251
.\ugolovniy.html,K1400000226,article,статьи 251
.\ugolovniy.html,K1400000226,article,Статья 251
.\ugolovniy.html,K1400000226,article,Статья 252
.\ugolovniy.html,K1400000226,article,статьи 252
.\ugolovniy.html,K1400000226,article,Статья 252
.\ugolovniy.html,K1400000226,article,Статья 253
.\ugolovniy.html,K1400000226,article,Статья 253
.\ugolovniy.html,K1400000226,article,Статья 254
.\ugolovniy.html,K1400000226,article,Статья 255
.\ugolovniy.html,K1400000226,article,Статья 255
.\ugolovniy.html,K1400000226,article,Статья 256
.\ugolovniy.html,K1400000226,article,Статья 256
.\ugolovniy.html,K1400000226,article,Статья 257
.\ugolovniy.html,K1400000226,article,Статья 257
.\ugolovniy.html,K1400000226,article,Статья 258
.\ugolovniy.html,K1400000226,article,Статья 258
.\ugolovniy.html,K1400000226,article,Статья 259
.\ugolovniy.html,K1400000226,article,Статья 259
.\ugolovniy.html,K1400000226,article,Статья 260
.\ugolovniy.html,K1400000226,article,Статья 260
.\ugolovniy.html,K1400000226,article,Статья 261
.\ugolovniy.html,K1400000226,article,Статья 261
.\ugolovniy.html,K1400000226,article,Статья 262
.\ugolovniy.html,K1400000226,article,Статья 263
.\ugolovniy.html,K1400000226,article,Статья 264
.\ugolovniy.html,K1400000226,article,Статья 265
.\ugolovniy.html,K1400000226,article,Статья 266
.\ugolovniy.html,K1400000226,article,Статья 266
.\ugolovniy.html,K1400000226,article,Статья 267
.\ugolovniy.html,K1400000226,article,Статья 267
.\ugolovniy.html,K1400000226,article,Статья 268
.\ugolovniy.html,K1400000226,article,Статья 269
.\ugolovniy.html,K1400000226,article,Статья 269
.\ugolovniy.html,K1400000226,article,Статья 269
.\ugolovniy.html,K1400000226,article,статьей 269
.\ugolovniy.html,K1400000226,article,Статья 270
.\ugolovniy.html,K1400000226,article,Статья 270
.\ugolovniy.html,K1400000226,article,Статья 271
.\ugolovniy.html,K1400000226,article,Статья 272
.\ugolovniy.html,K1400000226,article,Статья 272
.\ugolovniy.html,K1400000226,article,Статья 273
.\ugolovniy.html,K1400000226,article,Статья 273
.\ugolovniy.html,K1400000226,article,Статья 274
.\ugolovniy.html,K1400000226,article,Статья 274
.\ugolovniy.html,K1400000226,article,Статья 275
.\ugolovniy.html,K1400000226,article,статьи 275
.\ugolovniy.html,K1400000226,article,Статья 275
.\ugolovniy.html,K1400000226,article,Статья 276
.\ugolovniy.html,K1400000226,article,Статья 276
.\ugolovniy.html,K1400000226,article,Статья 277
.\ugolovniy.html,K1400000226,article,Статья 277
.\ugolovniy.html,K1400000226,article,Статья 278
.\ugolovniy.html,K1400000226,article,Статья 278
.\ugolovniy.html,K1400000226,article,Статья 279
.\ugolovniy.html,K1400000226,article,Статья 280
.\ugolovniy.html,K1400000226,article,Статья 281
.\ugolovniy.html,K1400000226,article,Статья 281
.\ugolovniy.html,K1400000226,article,Статья 282
.\ugolovniy.html,K1400000226,article,Статья 282
.\ugolovniy.html,K1400000226,article,Статья 283
.\ugolovniy.html,K1400000226,article,статьи 283
.\ugolovniy.html,K1400000226,article,Статья 284
.\ugolovniy.html,K1400000226,article,статьи 284
.\ugolovniy.html,K1400000226,article,Статья 284
.\ugolovniy.html,K1400000226,article,Статья 285
.\ugolovniy.html,K1400000226,article,статьи 285
.\ugolovniy.html,K1400000226,article,Статья 285
.\ugolovniy.html,K1400000226,article,Статья 286
.\ugolovniy.html,K1400000226,article,Статья 286
.\ugolovniy.html,K1400000226,article,Статья 287
.\ugolovniy.html,K1400000226,article,Статья 287
.\ugolovniy.html,K1400000226,article,Статья 288
.\ugolovniy.html,K1400000226,article,Статья 288
.\ugolovniy.html,K1400000226,article,Статья 289
.\ugolovniy.html,K1400000226,article,Статья 289
.\ugolovniy.html,K1400000226,article,Статья 290
.\ugolovniy.html,K1400000226,article,Статья 290
.\ugolovniy.html,K1400000226,article,Статья 291
.\ugolovniy.html,K1400000226,article,Статья 291
.\ugolovniy.html,K1400000226,article,Статья 292
.\ugolovniy.html,K1400000226,article,Статья 292
.\ugolovniy.html,K1400000226,article,Статья 293
.\ugolovniy.html,K1400000226,article,Статья 293
.\ugolovniy.html,K1400000226,article,Статья 294
.\ugolovniy.html,K1400000226,article,Статья 294
.\ugolovniy.html,K1400000226,article,Статья 295
.\ugolovniy.html,K1400000226,article,Статья 295
.\ugolovniy.html,K1400000226,article,Статья 295
.\ugolovniy.html,K1400000226,article,статьей 295
.\ugolovniy.html,K1400000226,article,Статья 296
.\ugolovniy.html,K1400000226,article,статьи 296
.\ugolovniy.html,K1400000226,article,Статья 296
.\ugolovniy.html,K1400000226,article,Статья 297
.\ugolovniy.html,K1400000226,article,Статья 297
.\ugolovniy.html,K1400000226,article,Статья 297
.\ugolovniy.html,K1400000226,article,статьей 297
.\ugolovniy.html,K1400000226,article,Статья 298
.\ugolovniy.html,K1400000226,article,Статья 298
.\ugolovniy.html,K1400000226,article,Статья 299
.\ugolovniy.html,K1400000226,article,Статья 299
.\ugolovniy.html,K1400000226,article,Статья 299
.\ugolovniy.html,K1400000226,article,статьей 299
.\ugolovniy.html,K1400000226,article,Статья 300
.\ugolovniy.html,K1400000226,article,Статья 300
.\ugolovniy.html,K1400000226,article,статьи 301
.\ugolovniy.html,K1400000226,article,Статья 301
.\ugolovniy.html,K1400000226,article,статьи 301
.\ugolovniy.html,K1400000226,article,Статья 301
.\ugolovniy.html,K1400000226,article,Статья 301
.\ugolovniy.html,K1400000226,article,статьей 301
.\ugolovniy.html,K1400000226,article,Статья 302
.\ugolovniy.html,K1400000226,article,Статья 303
.\ugolovniy.html,K1400000226,article,Статья 303
.\ugolovniy.html,K1400000226,article,Статья 304
.\ugolovniy.html,K1400000226,article,Статья 304
.\ugolovniy.html,K1400000226,article,Статья 305
.\ugolovniy.html,K1400000226,article,Статья 305
.\ugolovniy.html,K1400000226,article,Статья 306
.\ugolovniy.html,K1400000226,article,Статья 306
.\ugolovniy.html,K1400000226,article,Статья 307
.\ugolovniy.html,K1400000226,article,Статья 307
.\ugolovniy.html,K1400000226,article,Статья 308
.\ugolovniy.html,K1400000226,article,статьи 308
.\ugolovniy.html,K1400000226,article,Статья 308
.\ugolovniy.html,K1400000226,article,Статья 309
.\ugolovniy.html,K1400000226,article,Статья 309
.\ugolovniy.html,K1400000226,article,Статья 309
.\ugolovniy.html,K1400000226,article,Статья 310
.\ugolovniy.html,K1400000226,article,Статья 310
.\ugolovniy.html,K1400000226,article,Статья 311
.\ugolovniy.html,K1400000226,article,Статья 311
.\ugolovniy.html,K1400000226,article,Статья 312
.\ugolovniy.html,K1400000226,article,Статья 312
.\ugolovniy.html,K1400000226,article,Статья 313
.\ugolovniy.html,K1400000226,article,Статья 313
.\ugolovniy.html,K1400000226,article,Статья 313
.\ugolovniy.html,K1400000226,article,статьей 105
.\ugolovniy.html,K1400000226,article,статьей 313
.\ugolovniy.html,K1400000226,article,Статья 314
.\ugolovniy.html,K1400000226,article,Статья 314
.\ugolovniy.html,K1400000226,article,Статья 315
.\ugolovniy.html,K1400000226,article,Статья 316
.\ugolovniy.html,K1400000226,article,Статья 316
.\ugolovniy.html,K1400000226,article,Статья 317
.\ugolovniy.html,K1400000226,article,Статья 317
.\ugolovniy.html,K1400000226,article,Статья 318
.\ugolovniy.html,K1400000226,article,Статья 318
.\ugolovniy.html,K1400000226,article,Статья 319
.\ugolovniy.html,K1400000226,article,статьи 319
.\ugolovniy.html,K1400000226,article,Статья 319
.\ugolovniy.html,K1400000226,article,Статья 320
.\ugolovniy.html,K1400000226,article,статьи 320
.\ugolovniy.html,K1400000226,article,Статья 320
.\ugolovniy.html,K1400000226,article,Статья 321
.\ugolovniy.html,K1400000226,article,статьи 321
.\ugolovniy.html,K1400000226,article,Статья 321
.\ugolovniy.html,K1400000226,article,Статья 322
.\ugolovniy.html,K1400000226,article,Статья 322
.\ugolovniy.html,K1400000226,article,Статья 323
.\ugolovniy.html,K1400000226,article,статьи 323
.\ugolovniy.html,K1400000226,article,Статья 323
.\ugolovniy.html,K1400000226,article,Статья 324
.\ugolovniy.html,K1400000226,article,Статья 324
.\ugolovniy.html,K1400000226,article,Статья 325
.\ugolovniy.html,K1400000226,article,Статья 325
.\ugolovniy.html,K1400000226,article,Статья 326
.\ugolovniy.html,K1400000226,article,Статья 326
.\ugolovniy.html,K1400000226,article,Статья 327
.\ugolovniy.html,K1400000226,article,Статья 327
.\ugolovniy.html,K1400000226,article,Статья 328
.\ugolovniy.html,K1400000226,article,Статья 328
.\ugolovniy.html,K1400000226,article,Статья 329
.\ugolovniy.html,K1400000226,article,Статья 329
.\ugolovniy.html,K1400000226,article,Статья 330
.\ugolovniy.html,K1400000226,article,Статья 330
.\ugolovniy.html,K1400000226,article,Статья 331
.\ugolovniy.html,K1400000226,article,Статья 331
.\ugolovniy.html,K1400000226,article,Статья 332
.\ugolovniy.html,K1400000226,article,Статья 332
.\ugolovniy.html,K1400000226,article,Статья 333
.\ugolovniy.html,K1400000226,article,Статья 333
.\ugolovniy.html,K1400000226,article,Статья 334
.\ugolovniy.html,K1400000226,article,Статья 334
.\ugolovniy.html,K1400000226,article,Статья 335
.\ugolovniy.html,K1400000226,article,Статья 335
.\ugolovniy.html,K1400000226,article,Статья 336
.\ugolovniy.html,K1400000226,article,Статья 336
.\ugolovniy.html,K1400000226,article,Статья 337
.\ugolovniy.html,K1400000226,article,Статья 337
.\ugolovniy.html,K1400000226,article,Статья 338
.\ugolovniy.html,K1400000226,article,Статья 338
.\ugolovniy.html,K1400000226,article,Статья 339
.\ugolovniy.html,K1400000226,article,статьи 339
.\ugolovniy.html,K1400000226,article,Статья 339
.\ugolovniy.html,K1400000226,article,Статья 339
.\ugolovniy.html,K1400000226,article,статьей 339
.\ugolovniy.html,K1400000226,article,Статья 340
.\ugolovniy.html,K1400000226,article,Статья 340
.\ugolovniy.html,K1400000226,article,Статья 341
.\ugolovniy.html,K1400000226,article,Статья 341
.\ugolovniy.html,K1400000226,article,Статья 342
.\ugolovniy.html,K1400000226,article,Статья 342
.\ugolovniy.html,K1400000226,article,Статья 343
.\ugolovniy.html,K1400000226,article,статьи 343
.\ugolovniy.html,K1400000226,article,Статья 343
.\ugolovniy.html,K1400000226,article,Статья 344
.\ugolovniy.html,K1400000226,article,Статья 344
.\ugolovniy.html,K1400000226,article,Статья 345
.\ugolovniy.html,K1400000226,article,Статья 345
.\ugolovniy.html,K1400000226,article,Статья 345
.\ugolovniy.html,K1400000226,article,статьей 345
.\ugolovniy.html,K1400000226,article,Статья 346
.\ugolovniy.html,K1400000226,article,Статья 346
.\ugolovniy.html,K1400000226,article,Статья 347
.\ugolovniy.html,K1400000226,article,Статья 347
.\ugolovniy.html,K1400000226,article,Статья 348
.\ugolovniy.html,K1400000226,article,Статья 348
.\ugolovniy.html,K1400000226,article,Статья 349
.\ugolovniy.html,K1400000226,article,Статья 349
.\ugolovniy.html,K1400000226,article,Статья 350
.\ugolovniy.html,K1400000226,article,Статья 350
.\ugolovniy.html,K1400000226,article,Статья 351
.\ugolovniy.html,K1400000226,article,Статья 351
.\ugolovniy.html,K1400000226,article,Статья 352
.\ugolovniy.html,K1400000226,article,Статья 352
.\ugolovniy.html,K1400000226,article,статьей 352
.\ugolovniy.html,K1400000226,article,Статья 353
.\ugolovniy.html,K1400000226,article,Статья 353
.\ugolovniy.html,K1400000226,article,Статья 354
.\ugolovniy.html,K1400000226,article,Статья 354
.\ugolovniy.html,K1400000226,article,Статья 355
.\ugolovniy.html,K1400000226,article,Статья 355
.\ugolovniy.html,K1400000226,article,Статья 356
.\ugolovniy.html,K1400000226,article,Статья 356
.\ugolovniy.html,K1400000226,article,Статья 357
.\ugolovniy.html,K1400000226,article,Статья 357
.\ugolovniy.html,K1400000226,article,Статья 358
.\ugolovniy.html,K1400000226,article,Статья 358
.\ugolovniy.html,K1400000226,article,Статья 359
.\ugolovniy.html,K1400000226,article,Статья 359
.\ugolovniy.html,K1400000226,article,Статья 360
.\ugolovniy.html,K1400000226,article,Статья 360
.\ugolovniy.html,K1400000226,article,Статья 361
.\ugolovniy.html,K1400000226,article,Статья 361
.\ugolovniy.html,K1400000226,article,Статья 362
.\ugolovniy.html,K1400000226,article,Статья 362
.\ugolovniy.html,K1400000226,article,Статья 363
.\ugolovniy.html,K1400000226,article,Статья 363
.\ugolovniy.html,K1400000226,article,Статья 364
.\ugolovniy.html,K1400000226,article,Статья 364
.\ugolovniy.html,K1400000226,article,Статья 365
.\ugolovniy.html,K1400000226,article,статьи 365
.\ugolovniy.html,K1400000226,article,Статья 365
.\ugolovniy.html,K1400000226,article,Статья 366
.\ugolovniy.html,K1400000226,article,Статья 366
.\ugolovniy.html,K1400000226,article,Статья 367
.\ugolovniy.html,K1400000226,article,Статья 367
.\ugolovniy.html,K1400000226,article,Статья 368
.\ugolovniy.html,K1400000226,article,Статья 368
.\ugolovniy.html,K1400000226,article,Статья 369
.\ugolovniy.html,K1400000226,article,Статья 369
.\ugolovniy.html,K1400000226,article,Статья 370
.\ugolovniy.html,K1400000226,article,Статья 370
.\ugolovniy.html,K1400000226,article,Статья 370
.\ugolovniy.html,K1400000226,article,статьей 370
.\ugolovniy.html,K1400000226,article,Статья 370
.\ugolovniy.html,K1400000226,article,статьей 370
.\ugolovniy.html,K1400000226,article,Статья 371
.\ugolovniy.html,K1400000226,article,Статья 371
.\ugolovniy.html,K1400000226,article,Статья 372
.\ugolovniy.html,K1400000226,article,Статья 372
.\ugolovniy.html,K1400000226,article,Статья 373
.\ugolovniy.html,K1400000226,article,Статья 373
.\ugolovniy.html,K1400000226,article,Статья 374
.\ugolovniy.html,K1400000226,article,Статья 374
.\ugolovniy.html,K1400000226,article,Статья 375
.\ugolovniy.html,K1400000226,article,Статья 375
.\ugolovniy.html,K1400000226,article,Статья 376
.\ugolovniy.html,K1400000226,article,Статья 376
.\ugolovniy.html,K1400000226,article,Статья 377
.\ugolovniy.html,K1400000226,article,статьи 377
.\ugolovniy.html,K1400000226,article,Статья 377
.\ugolovniy.html,K1400000226,article,Статья 378
.\ugolovniy.html,K1400000226,article,Статья 378
.\ugolovniy.html,K1400000226,article,Статья 379
.\ugolovniy.html,K1400000226,article,Статья 379
.\ugolovniy.html,K1400000226,article,Статья 380
.\ugolovniy.html,K1400000226,article,Статья 380
.\ugolovniy.html,K1400000226,article,Статья 380
.\ugolovniy.html,K1400000226,article,статьи 380
.\ugolovniy.html,K1400000226,article,статьей 380
.\ugolovniy.html,K1400000226,article,Статья 380
.\ugolovniy.html,K1400000226,article,статьей 380
.\ugolovniy.html,K1400000226,article,Статья 381
.\ugolovniy.html,K1400000226,article,Статья 381
.\ugolovniy.html,K1400000226,article,Статья 382
.\ugolovniy.html,K1400000226,article,Статья 382
.\ugolovniy.html,K1400000226,article,Статья 383
.\ugolovniy.html,K1400000226,article,Статья 383
.\ugolovniy.html,K1400000226,article,Статья 384
.\ugolovniy.html,K1400000226,article,Статья 384
.\ugolovniy.html,K1400000226,article,Статья 385
.\ugolovniy.html,K1400000226,article,Статья 385
.\ugolovniy.html,K1400000226,article,Статья 386
.\ugolovniy.html,K1400000226,article,Статья 386
.\ugolovniy.html,K1400000226,article,Статья 387
.\ugolovniy.html,K1400000226,article,статьи 387
.\ugolovniy.html,K1400000226,article,Статья 387
.\ugolovniy.html,K1400000226,article,Статья 388
.\ugolovniy.html,K1400000226,article,Статья 388
.\ugolovniy.html,K1400000226,article,Статья 388
.\ugolovniy.html,K1400000226,article,статьей 388
.\ugolovniy.html,K1400000226,article,Статья 389
.\ugolovniy.html,K1400000226,article,Статья 389
.\ugolovniy.html,K1400000226,article,Статья 390
.\ugolovniy.html,K1400000226,article,Статья 390
.\ugolovniy.html,K1400000226,article,Статья 391
.\ugolovniy.html,K1400000226,article,Статья 391
.\ugolovniy.html,K1400000226,article,Статья 392
.\ugolovniy.html,K1400000226,article,Статья 392
.\ugolovniy.html,K1400000226,article,Статья 393
.\ugolovniy.html,K1400000226,article,Статья 393
.\ugolovniy.html,K1400000226,article,Статья 394
.\ugolovniy.html,K1400000226,article,Статья 394
.\ugolovniy.html,K1400000226,article,Статья 395
.\ugolovniy.html,K1400000226,article,Статья 395
.\ugolovniy.html,K1400000226,article,Статья 396
.\ugolovniy.html,K1400000226,article,Статья 396
.\ugolovniy.html,K1400000226,article,Статья 397
.\ugolovniy.html,K1400000226,article,Статья 397
.\ugolovniy.html,K1400000226,article,Статья 398
.\ugolovniy.html,K1400000226,article,Статья 398
.\ugolovniy.html,K1400000226,article,Статья 399
.\ugolovniy.html,K1400000226,article,Статья 399
.\ugolovniy.html,K1400000226,article,Статья 400
.\ugolovniy.html,K1400000226,article,статьи 400
.\ugolovniy.html,K1400000226,article,Статья 400
.\ugolovniy.html,K1400000226,article,Статья 401
.\ugolovniy.html,K1400000226,article,Статья 401
.\ugolovniy.html,K1400000226,article,Статья 402
.\ugolovniy.html,K1400000226,article,Статья 402
.\ugolovniy.html,K1400000226,article,Статья 403
.\ugolovniy.html,K1400000226,article,Статья 403
.\ugolovniy.html,K1400000226,article,Статья 404
.\ugolovniy.html,K1400000226,article,Статья 405
.\ugolovniy.html,K1400000226,article,Статья 406
.\ugolovniy.html,K1400000226,article,Статья 406
.\ugolovniy.html,K1400000226,article,Статья 407
.\ugolovniy.html,K1400000226,article,Статья 407
.\ugolovniy.html,K1400000226,article,Статья 408
.\ugolovniy.html,K1400000226,article,статьи 408
.\ugolovniy.html,K1400000226,article,Статья 408
.\ugolovniy.html,K1400000226,article,Статья 409
.\ugolovniy.html,K1400000226,article,статьи 409
.\ugolovniy.html,K1400000226,article,Статья 409
.\ugolovniy.html,K1400000226,article,Статья 410
.\ugolovniy.html,K1400000226,article,статьи 410
.\ugolovniy.html,K1400000226,article,Статья 410
.\ugolovniy.html,K1400000226,article,Статья 411
.\ugolovniy.html,K1400000226,article,статьи 411
.\ugolovniy.html,K1400000226,article,Статья 411
.\ugolovniy.html,K1400000226,article,Статья 412
.\ugolovniy.html,K1400000226,article,Статья 412
.\ugolovniy.html,K1400000226,article,Статья 412
.\ugolovniy.html,K1400000226,article,статьей 412
.\ugolovniy.html,K1400000226,article,Статья 413
.\ugolovniy.html,K1400000226,article,Статья 414
.\ugolovniy.html,K1400000226,article,Статья 414
.\ugolovniy.html,K1400000226,article,Статья 415
.\ugolovniy.html,K1400000226,article,Статья 415
.\ugolovniy.html,K1400000226,article,Статья 416
.\ugolovniy.html,K1400000226,article,статьи 416
.\ugolovniy.html,K1400000226,article,Статья 416
.\ugolovniy.html,K1400000226,article,Статья 417
.\ugolovniy.html,K1400000226,article,Статья 417
.\ugolovniy.html,K1400000226,article,Статья 418
.\ugolovniy.html,K1400000226,article,Статья 419
.\ugolovniy.html,K1400000226,article,Статья 419
.\ugolovniy.html,K1400000226,article,Статья 420
.\ugolovniy.html,K1400000226,article,Статья 421
.\ugolovniy.html,K1400000226,article,Статья 421
.\ugolovniy.html,K1400000226,article,Статья 422
.\ugolovniy.html,K1400000226,article,Статья 422
.\ugolovniy.html,K1400000226,article,Статья 423
.\ugolovniy.html,K1400000226,article,статьи 423
.\ugolovniy.html,K1400000226,article,Статья 423
.\ugolovniy.html,K1400000226,article,Статья 424
.\ugolovniy.html,K1400000226,article,статьи 424
.\ugolovniy.html,K1400000226,article,Статья 424
.\ugolovniy.html,K1400000226,article,Статья 425
.\ugolovniy.html,K1400000226,article,Статья 425
.\ugolovniy.html,K1400000226,article,Статья 426
.\ugolovniy.html,K1400000226,article,Статья 427
.\ugolovniy.html,K1400000226,article,Статья 427
.\ugolovniy.html,K1400000226,article,Статья 428
.\ugolovniy.html,K1400000226,article,статьи 428
.\ugolovniy.html,K1400000226,article,статьи 428
.\ugolovniy.html,K1400000226,article,Статья 428
.\ugolovniy.html,K1400000226,article,Статья 428
.\ugolovniy.html,K1400000226,article,статьей 428
.\ugolovniy.html,K1400000226,article,Статья 429
.\ugolovniy.html,K1400000226,article,статьи 429
.\ugolovniy.html,K1400000226,article,Статья 429
.\ugolovniy.html,K1400000226,article,Статья 430
.\ugolovniy.html,K1400000226,article,Статья 430
.\ugolovniy.html,K1400000226,article,Статья 431
.\ugolovniy.html,K1400000226,article,Статья 431
.\ugolovniy.html,K1400000226,article,Статья 432
.\ugolovniy.html,K1400000226,article,Статья 432
.\ugolovniy.html,K1400000226,article,Статья 433
.\ugolovniy.html,K1400000226,article,Статья 433
.\ugolovniy.html,K1400000226,article,Статья 434
.\ugolovniy.html,K1400000226,article,Статья 434
.\ugolovniy.html,K1400000226,article,Статья 435
.\ugolovniy.html,K1400000226,article,Статья 435
.\ugolovniy.html,K1400000226,article,Статья 436
.\ugolovniy.html,K1400000226,article,Статья 436
.\ugolovniy.html,K1400000226,article,Статья 437
.\ugolovniy.html,K1400000226,article,Статья 437
.\ugolovniy.html,K1400000226,article,Статья 438
.\ugolovniy.html,K1400000226,article,Статья 438
.\ugolovniy.html,K1400000226,article,Статья 439
.\ugolovniy.html,K1400000226,article,Статья 439
.\ugolovniy.html,K1400000226,article,Статья 440
.\ugolovniy.html,K1400000226,article,Статья 440
.\ugolovniy.html,K1400000226,article,Статья 441
.\ugolovniy.html,K1400000226,article,Статья 441
.\ugolovniy.html,K1400000226,article,Статья 442
.\ugolovniy.html,K1400000226,article,Статья 442
.\ugolovniy.html,K1400000226,article,Статья 443
.\ugolovniy.html,K1400000226,article,Статья 443
.\ugolovniy.html,K1400000226,article,Статья 444
.\ugolovniy.html,K1400000226,article,Статья 444
.\ugolovniy.html,K1400000226,article,Статья 445
.\ugolovniy.html,K1400000226,article,Статья 446
.\ugolovniy.html,K1400000226,article,Статья 447
.\ugolovniy.html,K1400000226,article,Статья 447
.\ugolovniy.html,K1400000226,article,Статья 448
.\ugolovniy.html,K1400000226,article,Статья 448
.\ugolovniy.html,K1400000226,article,Статья 449
.\ugolovniy.html,K1400000226,article,Статья 449
.\ugolovniy.html,K1400000226,article,Статья 450
.\ugolovniy.html,K1400000226,article,Статья 450
.\ugolovniy.html,K1400000226,article,Статья 451
.\ugolovniy.html,K1400000226,article,Статья 451
.\ugolovniy.html,K1400000226,article,Статья 452
.\ugolovniy.html,K1400000226,article,Статья 452
.\ugolovniy.html,K1400000226,article,Статья 452
.\ugolovniy.html,K1400000226,article,статьей 452
.\ugolovniy.html,K1400000226,article,Статья 453
.\ugolovniy.html,K1400000226,article,Статья 454
.\ugolovniy.html,K1400000226,article,Статья 455
.\ugolovniy.html,K1400000226,article,Статья 455
.\ugolovniy.html,K1400000226,article,Статья 456
.\ugolovniy.html,K1400000226,article,Статья 457
.\ugolovniy.html,K1400000226,article,Статья 458
.\ugolovniy.html,K1400000226,article,Статья 458
.\ugolovniy.html,K1400000226,article,Статья 459
.\ugolovniy.html,K1400000226,article,Статья 459
.\ugolovniy.html,K1400000226,article,Статья 460
.\ugolovniy.html,K1400000226,article,Статья 460
.\ugolovniy.html,K1400000226,article,Статья 461
.\ugolovniy.html,K1400000226,article,Статья 461
.\ugolovniy.html,K1400000226,article,Статья 462
.\ugolovniy.html,K1400000226,article,статьи 462
.\ugolovniy.html,K1400000226,article,Статья 462
.\ugolovniy.html,K1400000226,article,Статья 463
.\ugolovniy.html,K1400000226,article,Статья 463
.\ugolovniy.html,K1400000226,article,Статья 464
.\ugolovniy.html,K1400000226,article,Статья 464
.\ugolovniy.html,K1400000226,article,Статья 465
.\ugolovniy.html,K1400000226,article,Статья 465
.\ugolovniy.html,K1400000226,article,Статья 466
.\ugolovniy.html,K1400000226,article,Статья 466
.\ugolovniy.html,K1400000226,article,Статья 467
.\ugolovniy.html,K1400000226,article,статьи 41
.\ugolovniy.html,K1400000226,article,статьи 42
.\ugolovniy.html,K1400000226,article,Статья 51
.\ugolovniy.html,K1400000226,article,Статья 467
