ngr,class,title
Z980000339_,excluded,"О государственном контроле за оборотом отдельных видов оружия - ИПС ""Әділет"""
Z970000127_,subst,"О мобилизационной подготовке и мобилизации - ИПС ""Әділет"""
Z020000299_,subst,"О дипломатической службе Республики Казахстан - ИПС ""Әділет"""
Z950002710_,subst,"Об органах национальной безопасности Республики Казахстан - ИПС ""Әділет"""
Z1500000434,subst,"О государственных закупках - ИПС ""Әділет"""
Z950002464_,excluded,"О выборах в Республике Казахстан - ИПС ""Әділет"""
Z950002155_,excluded,"О Национальном Банке Республики Казахстан - ИПС ""Әділет"""
Z1500000410,excluded,"О противодействии коррупции - ИПС ""Әділет"""
Z1600000486,excluded,"О долевом участии в жилищном строительстве - ИПС ""Әділет"""
Z090000191_,excluded,"О противодействии легализации (отмыванию) доходов, полученных преступным путем, финансированию терроризма и финансированию распространения оружия массового уничтожения - ИПС ""Әділет"""
Z030000423_,excluded,"О Фонде гарантирования страховых выплат - ИПС ""Әділет"""
Z2100000047,excluded,"О закупках отдельных субъектов квазигосударственного сектора - ИПС ""Әділет"""
Z1400000213,excluded,"Об амнистии граждан Республики Казахстан, оралманов и лиц, имеющих вид на жительство в Республике Казахстан, в связи с легализацией ими имущества - ИПС ""Әділет"""
Z950002733_,excluded,"О Президенте Республики Казахстан - ИПС ""Әділет"""
Z2600000306,excluded,"О внесении изменений и дополнений в некоторые законодательные акты Республики Казахстан по вопросам приведения их в соответствие с Конституцией Республики Казахстан, совершенствования законодательства Республики Казахстан о выборах, прокуратуре и социальном обеспечении - ИПС ""Әділет"""
Z2500000203,amend,"О внесении изменений и дополнений в некоторые законодательные акты Республики Казахстан по вопросам совершенствования правоохранительной службы, жилищного обеспечения и социальной защиты сотрудников правоохранительных, специальных государственных органов, органов гражданской защиты и военнослужащих, а также исключения излишней законодательной регламентации в сфере деятельности органов внутренних дел - ИПС ""Әділет"""
Z060000209_,excluded,"О внесении изменений и дополнений в некоторые законодательные акты Республики Казахстан по вопросам технического регулирования - ИПС ""Әділет"""
Z1600000479,amend,"О внесении изменений и дополнений в некоторые законодательные акты Республики Казахстан по вопросам сокращения разрешительных документов и упрощения разрешительных процедур - ИПС ""Әділет"""
Z2200000136,amend,"О внесении изменений и дополнений в некоторые законодательные акты Республики Казахстан по вопросам совершенствования порядка прохождения правоохранительной службы, повышения правовой и социальной защищенности и ответственности сотрудников правоохранительных, специальных государственных органов и военнослужащих, межведомственной координации, самостоятельности органов внутренних дел, усиления ответственности за отдельные уголовные правонарушения и оборота оружия - ИПС ""Әділет"""
Z1900000237,amend,"О внесении изменений и дополнений в некоторые законодательные акты Республики Казахстан по вопросам оборонной и аэрокосмической промышленности, информационной безопасности в сфере информатизации - ИПС ""Әділет"""
Z1400000200,amend,"О внесении изменений и дополнений в некоторые законодательные акты Республики Казахстан по вопросам деятельности органов внутренних дел - ИПС ""Әділет"""
Z070000318_,amend,"О внесении изменений и дополнений в Закон Республики Казахстан ""О государственном контроле за оборотом отдельных видов оружия"" - ИПС ""Әділет"""
Z1300000107,excluded,"О внесении изменений и дополнений в некоторые законодательные акты Республики Казахстан по вопросам применения мер нетарифного регулирования в Таможенном союзе - ИПС ""Әділет"""
Z1400000203,amend,"О внесении изменений и дополнений в некоторые законодательные акты Республики Казахстан по вопросам разрешительной системы - ИПС ""Әділет"""
Z1600000028,amend,"О внесении изменений и дополнений в некоторые законодательные акты Республики Казахстан по вопросам противодействия экстремизму и терроризму - ИПС ""Әділет"""
Z1800000184,amend,"О внесении изменений и дополнений в некоторые законодательные акты Республики Казахстан по вопросам обеспечения единства измерений и стандартизации - ИПС ""Әділет"""
Z2000000334,amend,"О внесении изменений и дополнения в некоторые законодательные акты Республики Казахстан по вопросам порядка организации и проведения мирных собраний в Республике Казахстан - ИПС ""Әділет"""
Z2100000075,amend,"О внесении изменений и дополнений в некоторые законодательные акты Республики Казахстан по вопросам перераспределения полномочий между уровнями государственного управления - ИПС ""Әділет"""
Z070000222_,amend,"О внесении изменений и дополнений в некоторые законодательные акты Республики Казахстан по вопросам лицензирования - ИПС ""Әділет"""
Z1100000383,amend,"О внесении изменений и дополнений в некоторые законодательные акты Республики Казахстан по вопросам исключения противоречий, пробелов, коллизий между нормами права различных законодательных актов и норм, способствующих совершению коррупционных правонарушений - ИПС ""Әділет"""
Z2000000351,amend,"О внесении изменений и дополнений в некоторые законодательные акты Республики Казахстан по вопросам административного процедурно-процессуального законодательства Республики Казахстан - ИПС ""Әділет"""
Z070000320_,amend,"О внесении изменений и дополнений в некоторые законодательные акты Республики Казахстан по вопросам образования - ИПС ""Әділет"""
Z1000000372,amend,"О внесении изменений и дополнений в некоторые законодательные акты Республики Казахстан по вопросам совершенствования деятельности органов внутренних дел в сфере обеспечения общественной безопасности - ИПС ""Әділет"""
Z2600000256,excluded,"О внесении изменений и дополнений в некоторые законодательные акты Республики Казахстан по вопросам цифровизации, транспорта и предпринимательства - ИПС ""Әділет"""
Z020000297_,amend,"О внесении изменений в некоторые законодательные акты Республики Казахстан по вопросам государственного контроля за оборотом отдельных видов оружия и охранной деятельности - ИПС ""Әділет"""
Z1100000452,amend,"О внесении изменений и дополнений в некоторые законодательные акты Республики Казахстан по вопросам пересмотра компетенции уполномоченных государственных органов и Правительства Республики Казахстан на принятие нормативных правовых актов, устанавливающих требования к проверяемым субъектам - ИПС ""Әділет"""
Z1900000272,amend,"О внесении изменений и дополнений в некоторые законодательные акты Республики Казахстан по вопросам оказания государственных услуг - ИПС ""Әділет"""
Z040000011_,excluded,"О внесении изменений и дополнений в некоторые законодательные акты Республики Казахстан по вопросам налогообложения - ИПС ""Әділет"""
Z2000000361,excluded,"О внесении изменений и дополнений в некоторые законодательные акты Республики Казахстан по вопросам здравоохранения - ИПС ""Әділет"""
Z2500000175,excluded,"О внесении изменений и дополнений в некоторые законодательные акты Республики Казахстан по вопросам воинской службы в резерве и перераспределения функций отдельных центральных государственных органов - ИПС ""Әділет"""
Z2600000263,amend,"О внесении изменений и дополнений в некоторые законодательные акты Республики Казахстан по вопросам охранной деятельности, жилищных отношений и правоохранительной службы - ИПС ""Әділет"""
Z2300000223,amend,"О внесении изменений и дополнений в некоторые законодательные акты Республики Казахстан по вопросам административной реформы в Республике Казахстан - ИПС ""Әділет"""
Z1400000236,amend,"О внесении изменений и дополнений в некоторые законодательные акты Республики Казахстан по вопросам законодательства об административных правонарушениях - ИПС ""Әділет"""
Z2100000100,amend,"О внесении изменений и дополнений в некоторые законодательные акты Республики Казахстан по вопросам государственного управления, совершенствования залоговой политики банков второго уровня, регулирования оценочной деятельности и исполнительного производства - ИПС ""Әділет"""
Z2500000150,excluded,"О внесении изменений и дополнений в некоторые законодательные акты Республики Казахстан по вопросам противодействия незаконному обороту наркотических средств, психотропных веществ, их аналогов, прекурсоров и сильнодействующих веществ - ИПС ""Әділет"""
Z1400000248,amend,"О внесении изменений и дополнений в некоторые законодательные акты Республики Казахстан по вопросам дальнейшего совершенствования системы государственного управления - ИПС ""Әділет"""
Z2100000034,amend,"О внесении изменений и дополнений в некоторые законодательные акты Республики Казахстан по вопросам туристской деятельности - ИПС ""Әділет"""
Z1400000239,amend,"О внесении изменений и дополнений в некоторые законодательные акты Республики Казахстан по вопросам разграничения полномочий между уровнями государственного управления - ИПС ""Әділет"""
Z040000013_,amend,"О внесении изменений и дополнений в некоторые законодательные акты Республики Казахстан по вопросам разграничения полномочий между
уровнями государственного управления и бюджетных отношений - ИПС ""Әділет"""
Z1100000461,amend,"О внесении изменений и дополнений в некоторые законодательные акты Республики Казахстан по вопросам совершенствования разрешительной системы - ИПС ""Әділет"""
Z2400000071,excluded,"О внесении изменений и дополнений в некоторые законодательные акты Республики Казахстан по вопросам ведения бизнеса - ИПС ""Әділет"""
Z1700000091,amend,"О внесении изменений и дополнений в некоторые законодательные акты Республики Казахстан по вопросам их приведения в соответствие с нормами Конституции Республики Казахстан - ИПС ""Әділет"""
Z060000183_,excluded,"О внесении изменений и дополнений в некоторые законодательные акты Республики Казахстан по вопросам мобилизационной подготовки и мобилизации - ИПС ""Әділет"""
Z100000334_,amend,"О внесении изменений и дополнений в некоторые законодательные акты Республики Казахстан по вопросам мобилизационной подготовки и мобилизации - ИПС ""Әділет"""
Z1500000367,amend,"О внесении изменений и дополнений в некоторые законодательные акты Республики Казахстан по вопросам мобилизационной подготовки и мобилизации - ИПС ""Әділет"""
Z2000000332,amend,"О внесении изменений и дополнений в некоторые законодательные акты Республики Казахстан по вопросам мобилизационной подготовки и мобилизации - ИПС ""Әділет"""
Z2500000202,amend,"О внесении изменений и дополнений в некоторые законодательные акты Республики Казахстан по вопросам территориальной обороны - ИПС ""Әділет"""
Z1200000553,amend,"О внесении изменений и дополнений в некоторые законодательные акты Республики Казахстан по вопросам специальных государственных органов Республики Казахстан - ИПС ""Әділет"""
Z2500000213,amend,"О внесении изменений и дополнений в некоторые законодательные акты Республики Казахстан по вопросам развития столицы и городов республиканского значения, национальных проектов, предпринимательства и оптимизации функций государственных органов - ИПС ""Әділет"""
Z1100000414,amend,"О внесении изменений и дополнений в некоторые законодательные акты Республики Казахстан по вопросам государственного имущества - ИПС ""Әділет"""
Z1800000210,amend,"О внесении изменений и дополнений в некоторые законодательные акты Республики Казахстан по вопросам административно-территориального устройства Республики Казахстан и противодействия теневой экономике - ИПС ""Әділет"""
Z1400000159,amend,"О внесении изменений и дополнений в некоторые законодательные акты Республики Казахстан по вопросам закрепления компетенции государственных органов на законодательном и (или) подзаконном уровнях - ИПС ""Әділет"""
Z2500000196,amend,"О внесении изменений и дополнений в некоторые законодательные акты Республики Казахстан по вопросам гражданской защиты, электроэнергетики и управления государственным имуществом - ИПС ""Әділет"""
Z1300000121,amend,"О внесении изменений и дополнений в Конституционный закон Республики Казахстан и в некоторые законодательные акты Республики Казахстан по вопросам исключения противоречий, пробелов, коллизий между нормами права различных законодательных актов и норм, способствующих совершению коррупционных правонарушений - ИПС ""Әділет"""
Z070000255_,amend,"О внесении изменений и дополнений в некоторые законодательные акты Республики Казахстан по вопросам воинской службы - ИПС ""Әділет"""
Z2000000344,amend,"О внесении изменений и дополнений в некоторые законодательные акты Республики Казахстан по вопросам военного положения - ИПС ""Әділет"""
Z1400000189,amend,"О внесении изменений и дополнений в некоторые законодательные акты Республики Казахстан по вопросам гражданской защиты - ИПС ""Әділет"""
Z1600000035,subst,"О контрразведывательной деятельности - ИПС ""Әділет"""
Z2300000014,subst,"О профессиональных квалификациях - ИПС ""Әділет"""
Z1500000417,excluded,"О внесении изменений и дополнений в некоторые законодательные акты Республики Казахстан по вопросам государственной службы - ИПС ""Әділет"""
Z2500000154,excluded,"О внесении изменений и дополнений в некоторые законодательные акты Республики Казахстан по вопросам дипломатической службы, международных договоров и официальной помощи развитию - ИПС ""Әділет"""
Z2100000013,excluded,"О внесении изменений и дополнений в Закон Республики Казахстан ""О дипломатической службе Республики Казахстан"" - ИПС ""Әділет"""
Z2300000226,amend,"О внесении изменений и дополнений в некоторые законодательные акты Республики Казахстан по вопросам социального обеспечения - ИПС ""Әділет"""
Z2600000291,excluded,"О внесении изменений и дополнений в некоторые законодательные акты Республики Казахстан по вопросам государственной службы - ИПС ""Әділет"""
Z1400000264,excluded,"О внесении изменений и дополнений в некоторые законодательные акты Республики Казахстан по вопросам официальной помощи развитию - ИПС ""Әділет"""
Z1000000366,amend,"О внесении изменений и дополнений в Закон Республики Казахстан ""О дипломатической службе Республики Казахстан"" - ИПС ""Әділет"""
Z1300000124,amend,"О внесении изменений и дополнений в некоторые законодательные акты Республики Казахстан по вопросам приведения их в соответствие с Системой государственного планирования Республики Казахстан - ИПС ""Әділет"""
Z1400000244,amend,"О внесении изменений и дополнений в некоторые законодательные акты Республики Казахстан по вопросам противодействия экстремизму и терроризму - ИПС ""Әділет"""
Z1700000077,amend,"О внесении изменений и дополнений в Закон Республики Казахстан ""О дипломатической службе Республики Казахстан"" - ИПС ""Әділет"""
Z060000143_,amend,"О внесении изменений и дополнений в Закон Республики Казахстан ""О дипломатической службе Республики Казахстан"" - ИПС ""Әділет"""
Z090000154_,excluded,"О внесении изменений и дополнений в некоторые законодательные акты Республики Казахстан по вопросам их приведения в соответствие с нормами Конституции Республики Казахстан - ИПС ""Әділет"""
Z1400000233,amend,"О внесении изменений и дополнений в некоторые законодательные акты Республики Казахстан по вопросам совершенствования уголовно-процессуального законодательства - ИПС ""Әділет"""
Z2000000393,amend,"О внесении изменений и дополнений в некоторые законодательные акты Республики Казахстан по вопросу реализации отдельных положений Послания Главы государства народу Казахстана от 1 сентября 2020 года ""Казахстан в новой реальности: время действий"" - ИПС ""Әділет"""
Z1900000273,amend,"О внесении изменений и дополнений в некоторые законодательные акты Республики Казахстан по вопросам государственной службы и противодействия коррупции - ИПС ""Әділет"""
Z1700000086,amend,"О внесении изменений и дополнений в некоторые законодательные акты Республики Казахстан по вопросам перераспределения полномочий между ветвями государственной власти - ИПС ""Әділет"""
Z2100000095,excluded,"О внесении изменений и дополнений в некоторые законодательные акты Республики Казахстан по вопросам внедрения новой регуляторной политики в сфере предпринимательской деятельности и перераспределения отдельных функций органов внутренних дел Республики Казахстан - ИПС ""Әділет"""
Z1500000411,amend,"О внесении изменений и дополнений в некоторые законодательные акты Республики Казахстан по вопросам противодействия коррупции - ИПС ""Әділет"""
Z2200000129,amend,"О внесении изменений и дополнений в некоторые законодательные акты Республики Казахстан по вопросам улучшения качества жизни лиц с инвалидностью - ИПС ""Әділет"""
Z970000187_,subst,"О дипломатической службе - ИПС ""Әділет"""
Z020000309_,amend,"О внесении изменений и дополнений в Указ Президента Республики Казахстан, имеющий силу Закона, от 21 декабря 1995 г. № 2710 ""Об органах национальной безопасности Республики Казахстан"" - ИПС ""Әділет"""
Z2300000051,excluded,"О внесении изменений и дополнений в некоторые законодательные акты Республики Казахстан по вопросам обеспечения национальной безопасности и службы в специальных государственных органах Республики Казахстан - ИПС ""Әділет"""
Z1600000036,excluded,"О внесении изменений и дополнений в некоторые законодательные акты Республики Казахстан по вопросам контрразведывательной деятельности - ИПС ""Әділет"""
Z1700000128,amend,"О внесении изменений и дополнений в некоторые законодательные акты Республики Казахстан по вопросам информации и коммуникаций - ИПС ""Әділет"""
Z1900000291,amend,"О внесении изменений и дополнений в некоторые законодательные акты Республики Казахстан по вопросам административно-территориального устройства Республики Казахстан, совершенствования системы государственного управления, межбюджетных отношений, кредитования и образования - ИПС ""Әділет"""
Z100000277_,subst,"О внешней разведке - ИПС ""Әділет"""
Z970000110_,amend,"О внесении  изменений и дополнений в некоторые Указы Президента Республики Казахстан, имеющие силу Закона - ИПС ""Әділет"""
Z100000279_,amend,"О внесении изменений и дополнений в некоторые законодательные акты Республики Казахстан по вопросам национальной безопасности - ИПС ""Әділет"""
Z1200000014,excluded,"О внесении изменений и дополнений в некоторые законодательные акты Республики Казахстан по вопросам защищенной связи - ИПС ""Әділет"""
Z1300000063,amend,"О внесении изменений и дополнений в некоторые законодательные акты Республики Казахстан по вопросам противодействия терроризму - ИПС ""Әділет"""
Z1300000071,amend,"О внесении изменений и дополнений в некоторые законодательные акты
Республики Казахстан по вопросам Государственной границы Республики Казахстан - ИПС ""Әділет"""
Z1400000227,amend,"О внесении изменений и дополнений в некоторые законодательные акты Республики Казахстан по вопросам совершенствования уголовного законодательства - ИПС ""Әділет"""
Z2200000157,amend,"О внесении изменений и дополнений в некоторые законодательные акты Республики Казахстан по вопросам реализации Послания Главы государства от 16 марта 2022 года - ИПС ""Әділет"""
Z2600000301,amend,"О внесении изменений и дополнений в некоторые законодательные акты Республики Казахстан по вопросам деятельности специальных государственных органов Республики Казахстан - ИПС ""Әділет"""
Z980000307_,amend,"О внесении изменений и дополнений в некоторые законодательные акты Республики Казахстан и признании утратившими силу Указов Президента Республики Казахстан, имеющих силу закона, ""О специальных государственных органах Республики Казахстан, осуществляющих дознание и следствие"" и ""О Государственном следственном комитете Республики Казахстан и его органах"" - ИПС ""Әділет"""
Z1700000069,amend,"О внесении изменений и дополнений в некоторые законодательные акты Республики Казахстан по вопросам обороны и воинской службы - ИПС ""Әділет"""
Z100000266_,amend,"О внесении изменений и дополнений в некоторые законодательные акты Республики Казахстан по вопросам противодействия терроризму - ИПС ""Әділет"""
Z020000346_,excluded,"О внесении изменений и дополнений в некоторые законодательные акты Республики Казахстан по вопросам прокурорского надзора - ИПС ""Әділет"""
Z090000192_,amend,"О внесении изменений и дополнений в некоторые законодательные акты Республики Казахстан по вопросам противодействия легализации (отмыванию) доходов, полученных незаконным путем, и финансированию терроризма - ИПС ""Әділет"""
Z1400000206,excluded,"О внесении изменений и дополнений в некоторые законодательные акты Республики Казахстан по вопросам противодействия легализации (отмыванию) доходов, полученных преступным путем, и финансированию терроризма - ИПС ""Әділет"""
Z1500000419,excluded,"О внесении изменений и дополнений в некоторые законодательные акты Республики Казахстан по вопросам информатизации - ИПС ""Әділет"""
Z1600000041,amend,"О внесении изменений и дополнений в некоторые законодательные акты Республики Казахстан по вопросам дактилоскопической и геномной регистрации - ИПС ""Әділет"""
Z1900000262,excluded,"О внесении изменений и дополнений в некоторые законодательные акты Республики Казахстан по вопросам регулирования и развития финансового рынка, микрофинансовой деятельности и налогообложения - ИПС ""Әділет"""
Z2000000325,excluded,"О внесении изменений и дополнений в некоторые законодательные акты Республики Казахстан по вопросам противодействия легализации (отмыванию) доходов, полученных преступным путем, и финансированию терроризма - ИПС ""Әділет"""
Z2000000375,excluded,"О внесении изменений и дополнений в некоторые законодательные акты Республики Казахстан по вопросам охраны Государственной границы Республики Казахстан и национальной безопасности - ИПС ""Әділет"""
Z2300000206,excluded,"О внесении изменений и дополнений в некоторые законодательные акты Республики Казахстан по вопросам органов военной полиции и организации обороны - ИПС ""Әділет"""
Z2500000219,amend,"О внесении изменений и дополнений в некоторые законодательные акты Республики Казахстан по вопросам противодействия легализации (отмыванию) доходов, полученных преступным путем, финансированию терроризма и финансированию распространения оружия массового уничтожения - ИПС ""Әділет"""
Z990000416_,subst,"О противодействии терроризму - ИПС ""Әділет"""
Z990000476_,amend,"О внесении изменений в некоторые законодательные акты Республики Казахстан по вопросам социального обеспечения - ИПС ""Әділет"""
Z000000042_,excluded,"О внесении изменений и дополнений в некоторые законодательные акты Республики Казахстан по вопросам банковской тайны - ИПС ""Әділет"""
Z1400000185,excluded,"О внесении изменений и дополнений в некоторые законодательные акты Республики Казахстан по вопросам внешней разведки - ИПС ""Әділет"""
Z1700000045,amend,"О внесении изменений и дополнений в некоторые законодательные акты Республики Казахстан по вопросам судебно-экспертной деятельности - ИПС ""Әділет"""
Z1700000058,amend,"О внесении изменений и дополнений в некоторые законодательные акты Республики Казахстан по вопросам совершенствования уголовно-исполнительного законодательства - ИПС ""Әділет"""
Z2000000347,excluded,"О внесении изменений и дополнений в некоторые законодательные акты Республики Казахстан по вопросам регулирования цифровых технологий - ИПС ""Әділет"""
Z2500000231,amend,"О внесении изменений и дополнений в некоторые законодательные акты Республики Казахстан по вопросам искусственного интеллекта и цифровизации - ИПС ""Әділет"""
Z2200000174,amend,"О внесении изменений и дополнений в некоторые законодательные акты Республики Казахстан по вопросам транспорта и недропользования - ИПС ""Әділет"""
Z1500000398,amend,"О внесении изменений и дополнений в некоторые законодательные акты Республики Казахстан по вопросам образования - ИПС ""Әділет"""
Z1200000552,subst,"О специальных государственных органах Республики Казахстан - ИПС ""Әділет"""
Z070000253_,amend,"О внесении изменений и дополнений в некоторые законодательные акты Республики Казахстан по вопросам регулирования труда - ИПС ""Әділет"""
Z980000327_,amend,"О внесении изменений в некоторые законодательные акты Республики Казахстан по вопросам финансирования государственных учреждений - ИПС ""Әділет"""
Z1700000080,amend,"О внесении изменений и дополнений в некоторые законодательные акты Республики Казахстан по вопросам здравоохранения - ИПС ""Әділет"""
Z2100000058,excluded,"О внесении изменений и дополнений в некоторые законодательные акты Республики Казахстан по вопросам деятельности государственной фельдъегерской связи и органов внутренних дел - ИПС ""Әділет"""
Z2200000177,excluded,"О внесении изменений и дополнений в некоторые законодательные акты Республики Казахстан по вопросам реализации отдельных поручений Главы государства - ИПС ""Әділет"""
Z2400000106,excluded,"О государственных закупках - ИПС ""Әділет"""
Z950002444_,subst,"О банках и банковской деятельности в Республике Казахстан - ИПС ""Әділет"""
Z1800000202,amend,"О внесении изменений и дополнений в некоторые законодательные акты Республики Казахстан по вопросам государственных закупок и закупок субъектов квазигосударственного сектора - ИПС ""Әділет"""
Z2400000097,amend,"О внесении изменений и дополнений в некоторые законодательные акты Республики Казахстан по вопросам минимизации рисков при кредитовании, защиты прав заемщиков, совершенствования регулирования финансового рынка и исполнительного производства - ИПС ""Әділет"""
Z1800000161,amend,"О внесении изменений и дополнений в некоторые законодательные акты Республики Казахстан по вопросам совершенствования законодательства в сфере интеллектуальной собственности - ИПС ""Әділет"""
Z2100000072,amend,"О внесении изменений и дополнений в некоторые законодательные акты Республики Казахстан по вопросам государственных закупок, закупок недропользователей и субъектов естественных монополий, связи, автомобильного транспорта, обороны и финансирования науки - ИПС ""Әділет"""
Z000000126_,subst,"О страховой деятельности - ИПС ""Әділет"""
Z1800000166,amend,"О внесении изменений и дополнений в некоторые законодательные акты Республики Казахстан по вопросам страхования и страховой деятельности, рынка ценных бумаг - ИПС ""Әділет"""
Z2000000352,amend,"О внесении изменений и дополнений в некоторые законодательные акты Республики Казахстан по вопросам улучшения бизнес-климата - ИПС ""Әділет"""
Z2200000101,amend,"О внесении изменений и дополнений в некоторые законодательные акты Республики Казахстан по вопросам развития конкуренции - ИПС ""Әділет"""
Z2400000074,amend,"О внесении изменений и дополнений в некоторые законодательные акты Республики Казахстан по вопросам здравоохранения - ИПС ""Әділет"""
Z1500000392,subst,"О государственном аудите и финансовом контроле - ИПС ""Әділет"""
Z1600000506,amend,"О внесении изменений и дополнений в некоторые законодательные акты Республики Казахстан по вопросам перехода Республики Казахстан к ""зеленой экономике"" - ИПС ""Әділет"""
Z1700000060,amend,"О внесении изменений и дополнений в некоторые законодательные акты Республики Казахстан по вопросам культуры - ИПС ""Әділет"""
Z1800000156,amend,"О внесении изменений и дополнений в некоторые законодательные акты Республики Казахстан по вопросам совершенствования регулирования предпринимательской деятельности - ИПС ""Әділет"""
Z1900000249,excluded,"О внесении изменений и дополнений в некоторые законодательные акты Республики Казахстан по вопросам транспорта - ИПС ""Әділет"""
Z1900000268,amend,"О внесении изменений и дополнений в некоторые законодательные акты Республики Казахстан по вопросам регулирования агропромышленного комплекса - ИПС ""Әділет"""
Z1900000287,excluded,"О внесении изменений и дополнений в некоторые законодательные акты Республики Казахстан по вопросам обязательного социального страхования, социального обеспечения и государственно-частного партнерства в сфере здравоохранения - ИПС ""Әділет"""
Z2100000399,excluded,"О внесении изменений и дополнений в некоторые законодательные акты Республики Казахстан по вопросам восстановления экономического роста - ИПС ""Әділет"""
Z1600000489,amend,"О внесении изменений и дополнений в некоторые законодательные акты Республики Казахстан по вопросам арбитража - ИПС ""Әділет"""
Z1700000124,excluded,"О внесении изменений и дополнений в некоторые законодательные акты Республики Казахстан по вопросам таможенного регулирования - ИПС ""Әділет"""
Z2100000067,excluded,"О внесении изменений и дополнений в некоторые законодательные акты Республики Казахстан по вопросам социальной защиты отдельных категорий граждан - ИПС ""Әділет"""
Z070000303_,subst,"О государственных закупках - ИПС ""Әділет"""
Z1500000368,amend,"О внесении изменений и дополнений в некоторые законодательные акты Республики Казахстан по вопросам культуры и историко-культурного наследия - ИПС ""Әділет"""
Z1500000393,excluded,"О внесении изменений и дополнений в некоторые законодательные акты Республики Казахстан по вопросам государственного аудита и финансового контроля - ИПС ""Әділет"""
Z990000375_,amend,"О внесении изменений и дополнений в Указ Президента Республики Казахстан, имеющий силу Конституционного закона, ""О выборах в Республике Казахстан"" - ИПС ""Әділет"""
Z070000268_,amend,"О внесении изменений и дополнений в Конституционный закон Республики Казахстан ""О выборах в Республике Казахстан"" - ИПС ""Әділет"""
Z2600000305,amend,"О внесении изменений и дополнений в некоторые конституционные законы Республики Казахстан по вопросам приведения их в соответствие с Конституцией Республики Казахстан, совершенствования законодательства Республики Казахстан о выборах и прокуратуре - ИПС ""Әділет"""
Z2200000156,amend,"О внесении изменений и дополнений в некоторые конституционные законы Республики Казахстан по вопросам реализации Послания Главы государства от 16 марта 2022 года - ИПС ""Әділет"""
Z2100000041,amend,"О внесении изменений и дополнений в Конституционный закон Республики Казахстан ""О выборах в Республике Казахстан"" - ИПС ""Әділет"""
Z980000222_,amend,"О внесении изменений и дополнений в Указ Президента Республики Казахстан, имеющий силу Конституционного закона, ""О выборах в Республике Казахстан"" - ИПС ""Әділет"""
Z040000545_,amend,"О внесении изменений и дополнений в Конституционный закон Республики Казахстан ""О выборах в Республике Казахстан"" - ИПС ""Әділет"""
Z050000044_,amend,"О внесении изменений и дополнений в Конституционный закон Республики Казахстан ""О выборах в Республике Казахстан"" - ИПС ""Әділет"""
Z090000124_,amend,"О внесении изменений и дополнений в Конституционный закон Республики Казахстан ""О выборах в Республике Казахстан"" - ИПС ""Әділет"""
Z1800000162,amend,"О внесении изменений и дополнений в некоторые конституционные законы Республики Казахстан - ИПС ""Әділет"""
Z1700000075,amend,"О внесении изменений и дополнений в некоторые конституционные законы Республики Казахстан - ИПС ""Әділет"""
Z980000285_,amend,"О внесении изменений в Указ Президента Республики Казахстан, имеющий силу конституционного закона, ""О выборах в Республике Казахстан"" - ИПС ""Әділет"""
Z060000208_,amend,"О внесении изменения в Конституционный закон Республики Казахстан ""О выборах в Республике Казахстан"" - ИПС ""Әділет"""
Z1400000232,amend,"О внесении изменений в некоторые конституционные законы Республики Казахстан по вопросам совершенствования уголовно-процессуального законодательства - ИПС ""Әділет"""
Z1500000340,amend,"О внесении изменений и дополнений в некоторые конституционные законы Республики Казахстан по вопросам совершенствования гражданского процессуального законодательства - ИПС ""Әділет"""
Z1800000209,amend,"О внесении изменений в некоторые конституционные законы Республики Казахстан по вопросам административно-территориального устройства Республики Казахстан - ИПС ""Әділет"""
Z990000407_,amend,"О внесении изменений в Конституционный закон Республики Казахстан ""О выборах в Республике Казахстан"" - ИПС ""Әділет"""
Z1500000413,amend,"О внесении изменений и дополнения в Конституционный закон Республики Казахстан ""О выборах в Республике Казахстан"" - ИПС ""Әділет"""
Z1300000133,amend,"О внесении изменений и дополнений в некоторые конституционные законы Республики Казахстан по вопросам исчисления конституционных сроков - ИПС ""Әділет"""
Z2000000335,amend,"О внесении дополнений в Конституционный закон Республики Казахстан ""О выборах в Республике Казахстан"" - ИПС ""Әділет"""
Z2200000105,amend,"О внесении изменений и дополнений в некоторые конституционные законы Республики Казахстан - ИПС ""Әділет"""
Z010000148_,excluded,"О местном государственном управлении и самоуправлении в Республике Казахстан - ИПС ""Әділет"""
Z1700000052,amend,"О внесении изменений и дополнений в некоторые конституционные законы Республики Казахстан - ИПС ""Әділет"""
Z1900000296,amend,"О внесении изменений и дополнений в некоторые конституционные законы Республики Казахстан - ИПС ""Әділет"""
Z010000162_,amend,"О внесении изменений и дополнений в некоторые законодательные акты Республики Казахстан по вопросам банковской деятельности - ИПС ""Әділет"""
Z050000069_,amend,"О внесении изменений и дополнений в некоторые законодательные акты Республики Казахстан по вопросам деятельности государственных органов, осуществляющих регулирование финансового рынка - ИПС ""Әділет"""
Z970000154_,amend,"О внесении изменений и дополнений в некоторые законодательные акты Республики Казахстан по вопросам банковской деятельности - ИПС ""Әділет"""
Z030000483_,amend,"О внесении изменений и дополнений в некоторые законодательные акты Республики Казахстан по вопросам организации единой системы государственного регулирования и надзора финансового рынка и 
финансовых организаций - ИПС ""Әділет"""
Z1100000524,amend,"О внесении изменений и дополнений в некоторые законодательные акты Республики Казахстан по вопросам регулирования банковской деятельности и финансовых организаций в части минимизации рисков - ИПС ""Әділет"""
Z1500000422,amend,"О внесении изменений и дополнений в некоторые законодательные акты Республики Казахстан по вопросам неработающих кредитов и активов банков второго уровня, оказания финансовых услуг и деятельности финансовых организаций и Национального Банка Республики Казахстан - ИПС ""Әділет"""
Z2500000205,amend,"О внесении изменений и дополнений в некоторые законодательные акты Республики Казахстан по вопросам развития финансового рынка, защиты прав потребителей финансовых услуг, связи и исключения излишней законодательной регламентации - ИПС ""Әділет"""
Z980000236_,amend,"О внесении изменений и дополнений в некоторые законодательные акты Республики Казахстан - ИПС ""Әділет"""
Z1200000030,amend,"О внесении изменений и дополнений в некоторые законодательные акты Республики Казахстан по вопросам организации деятельности Национального Банка Республики Казахстан, регулирования финансового рынка и финансовых организаций - ИПС ""Әділет"""
Z2300000193,subst,"О цифровых активах в Республике Казахстан - ИПС ""Әділет"""
Z1700000053,amend,"О внесении изменений и дополнений в некоторые законодательные акты Республики Казахстан по вопросам деятельности Высшего Судебного Совета Республики Казахстан и Международного финансового центра ""Астана"" - ИПС ""Әділет"""
Z1300000106,amend,"О внесении изменений и дополнений в некоторые законодательные акты 
Республики Казахстан по вопросам пенсионного обеспечения - ИПС ""Әділет"""
Z1500000311,amend,"О внесении изменений и дополнений в некоторые законодательные акты Республики Казахстан по вопросам страхования и исламского финансирования - ИПС ""Әділет"""
Z1600000012,amend,"О внесении изменений и дополнений в некоторые законодательные акты Республики Казахстан по вопросам платежей и платежных систем - ИПС ""Әділет"""
Z1800000168,amend,"О внесении изменений и дополнений в некоторые законодательные акты Республики Казахстан по вопросам валютного регулирования и валютного контроля, риск-ориентированного надзора за деятельностью финансовых организаций, защиты прав потребителей финансовых услуг и совершенствования деятельности Национального Банка Республики Казахстан - ИПС ""Әділет"""
Z2200000131,amend,"О внесении изменений и дополнений в некоторые законодательные акты Республики Казахстан по вопросам противодействия легализации (отмыванию) доходов, полученных преступным путем, и финансированию терроризма, а также государственного ценового регулирования - ИПС ""Әділет"""
Z2200000138,amend,"О внесении изменений и дополнений в некоторые законодательные акты Республики Казахстан по вопросам регулирования и развития страхового рынка и рынка ценных бумаг, банковской деятельности - ИПС ""Әділет"""
Z2600000259,amend,"О внесении изменений и дополнений в некоторые законодательные акты Республики Казахстан по вопросам регулирования и развития финансового рынка, связи и банкротства - ИПС ""Әділет"""
Z990000436_,amend,"О внесении изменений и дополнений в некоторые законодательные акты Республики Казахстан - ИПС ""Әділет"""
Z060000165_,amend,"О внесении изменений и дополнений в некоторые законодательные акты Республики Казахстан по вопросам совершенствования бюджетного законодательства Республики Казахстан и деятельности Национального Банка Республики Казахстан - ИПС ""Әділет"""
Z090000185_,amend,"О внесении изменений и дополнений в некоторые законодательные акты Республики Казахстан по вопросам совершенствования законодательства Республики Казахстан о платежах и переводах денег, бухгалтерском учете и финансовой отчетности финансовых организаций, банковской деятельности и деятельности Национального Банка Республики Казахстан - ИПС ""Әділет"""
Z1700000063,amend,"О внесении изменений и дополнений в некоторые законодательные акты Республики Казахстан по вопросам коллекторской деятельности - ИПС ""Әділет"""
Z2600000251,amend,"О внесении изменений и дополнений в некоторые законодательные акты Республики Казахстан по вопросам исполнения решений Конституционного Суда Республики Казахстан и возврата государству незаконно приобретенных активов - ИПС ""Әділет"""
Z970000200_,amend,"О ВНЕСЕНИИ ИЗМЕНЕНИЙ И ДОПОЛНЕНИЙ В НЕКОТОРЫЕ ЗАКОНОДАТЕЛЬНЫЕ АКТЫ РЕСПУБЛИКИ КАЗАХСТАН - ИПС ""Әділет"""
Z1600000011,subst,"О платежах и платежных системах - ИПС ""Әділет"""
Z2600000258,subst,"О банках и банковской деятельности в Республике Казахстан - ИПС ""Әділет"""
Z2300000023,amend,"О внесении изменений и дополнений в некоторые законодательные акты Республики Казахстан по вопросам возврата государству незаконно приобретенных активов - ИПС ""Әділет"""
Z1600000445,amend,"О внесении изменений и дополнений в некоторые законодательные акты Республики Казахстан по вопросам драгоценных металлов и драгоценных камней - ИПС ""Әділет"""
Z010000182_,amend,"О внесении изменения и дополнений в некоторые законодательные акты Республики Казахстан по вопросам функционирования Национального фонда Республики Казахстан - ИПС ""Әділет"""
Z1600000484,amend,"О внесении изменений и дополнений в некоторые законодательные акты Республики Казахстан по вопросам оказания государственных услуг - ИПС ""Әділет"""
Z2000000365,amend,"О внесении изменений и дополнений в некоторые законодательные акты Республики Казахстан по вопросам противодействия коррупции - ИПС ""Әділет"""
Z2100000091,amend,"О внесении изменений и дополнений в некоторые законодательные акты Республики Казахстан по вопросам деятельности Уполномоченного по правам человека в Республике Казахстан - ИПС ""Әділет"""
Z2300000188,amend,"О внесении изменений и дополнений в некоторые законодательные акты Республики Казахстан по вопросам противодействия коррупции и обеспечения безопасности лиц, подлежащих государственной защите - ИПС ""Әділет"""
Z2300000050,amend,"О внесении изменений и дополнений в некоторые законодательные акты Республики Казахстан по вопросам Государственной корпорации ""Правительство для граждан"", международного технологического парка ""Астана Хаб"" и дактилоскопической регистрации - ИПС ""Әділет"""
Z2500000204,amend,"О внесении изменений и дополнений в некоторые законодательные акты Республики Казахстан по вопросам долевого участия в жилищном строительстве, автомобильных дорог и оказания услуг по перевозке лиц с инвалидностью - ИПС ""Әділет"""
Z2000000359,amend,"О внесении изменений и дополнений в некоторые законодательные акты Республики Казахстан по вопросам ипотечных займов в иностранной валюте, совершенствования регулирования субъектов рынка платежных услуг, всеобщего декларирования и восстановления экономического роста - ИПС ""Әділет"""
Z2000000384,amend,"О внесении изменений и дополнений в некоторые законодательные акты Республики Казахстан по вопросам усиления защиты прав граждан в уголовном процессе и противодействия коррупции - ИПС ""Әділет"""
Z2400000116,amend,"О внесении изменений и дополнений в некоторые законодательные акты Республики Казахстан по вопросам игорного бизнеса, лотерейной деятельности, охраны здоровья, государственной инспекции труда, государственного контроля и исключения излишней законодательной регламентации - ИПС ""Әділет"""
Z1600000446,amend,"О внесении изменений и дополнений в некоторые законодательные акты Республики Казахстан по вопросам обеспечения безопасности при проведении спортивных и спортивно-массовых, зрелищных культурно-массовых мероприятий - ИПС ""Әділет"""
Z2100000048,amend,"О внесении изменений и дополнений в некоторые законодательные акты Республики Казахстан по вопросам закупок отдельных субъектов квазигосударственного сектора - ИПС ""Әділет"""
Z980000267_,subst,"О борьбе с коррупцией - ИПС ""Әділет"""
Z1600000026,amend,"О внесении изменений и дополнений в некоторые законодательные акты Республики Казахстан по вопросам налогообложения и таможенного администрирования - ИПС ""Әділет"""
Z1900000284,amend,"О внесении изменений и дополнений в некоторые законодательные акты Республики Казахстан по вопросам жилищно-коммунального хозяйства - ИПС ""Әділет"""
Z2000000341,amend,"О внесении изменений и дополнений в некоторые законодательные акты Республики Казахстан по вопросам сокращения количества операторов жилищных программ - ИПС ""Әділет"""
Z2600000254,excluded,"О внесении изменений и дополнений в некоторые законодательные акты Республики Казахстан по вопросам архитектуры, градостроительства и строительства - ИПС ""Әділет"""
Z1900000241,excluded,"О внесении изменений и дополнений в некоторые законодательные акты Республики Казахстан по вопросам развития бизнес-среды и регулирования торговой деятельности - ИПС ""Әділет"""
Z2600000270,amend,"О внесении изменений и дополнений в некоторые законодательные акты Республики Казахстан по вопросам поддержки туристской отрасли и детского спорта - ИПС ""Әділет"""
Z2100000094,amend,"О внесении изменений и дополнений в некоторые законодательные акты Республики Казахстан по вопросам визуальной информации и религиозной деятельности - ИПС ""Әділет"""
Z1900000290,amend,"О внесении изменений и дополнений в некоторые законодательные акты Республики Казахстан по вопросам совершенствования процедур реабилитации и банкротства, бюджетного, налогового законодательства и законодательства о железнодорожном транспорте - ИПС ""Әділет"""
Z1400000176,subst,"О реабилитации и банкротстве - ИПС ""Әділет"""
Z2100000073,amend,"О внесении изменений и дополнений в некоторые законодательные акты Республики Казахстан по вопросам противодействия легализации (отмыванию) доходов, полученных преступным путем, и финансированию терроризма - ИПС ""Әділет"""
Z1500000343,amend,"О внесении изменений и дополнений в некоторые законодательные акты Республики Казахстан по вопросам противодействия легализации (отмыванию) доходов, полученных преступным путем, и финансированию терроризма - ИПС ""Әділет"""
Z1500000403,amend,"О внесении изменений и дополнений в некоторые законодательные акты Республики Казахстан по вопросам благотворительности - ИПС ""Әділет"""
Z2500000164,amend,"О внесении изменений и дополнений в некоторые законодательные акты Республики Казахстан по вопросам оказания услуг связи, государственных закупок, транспорта и почты - ИПС ""Әділет"""
Z2400000113,amend,"О внесении изменений и дополнений в некоторые законодательные акты Республики Казахстан по вопросам декриминализации отдельных видов экономических правонарушений и совершенствования законодательства Республики Казахстан о противодействии легализации (отмыванию) доходов, полученных преступным путем, и финансированию терроризма - ИПС ""Әділет"""
Z1400000202,subst,"О разрешениях и уведомлениях - ИПС ""Әділет"""
Z1200000019,amend,"О внесении изменений и дополнений в некоторые законодательные акты Республики Казахстан по вопросам противодействия легализации (отмыванию) доходов, полученных незаконным путем, и финансированию терроризма и обналичивания денег - ИПС ""Әділет"""
Z2400000054,amend,"О внесении изменений и дополнений в некоторые законодательные акты Республики Казахстан по вопросам экспортно-кредитного агентства и продвижения экспорта несырьевых товаров (работ, услуг) - ИПС ""Әділет"""
Z2400000149,amend,"О внесении изменений и дополнений в некоторые законодательные акты Республики Казахстан по вопросам биржевой торговли и предпринимательства - ИПС ""Әділет"""
Z2500000246,amend,"О внесении изменений и дополнений в некоторые законодательные акты Республики Казахстан по вопросам профилактики правонарушений и совершенствования отдельных отраслей законодательства Республики Казахстан - ИПС ""Әділет"""
Z2400000136,amend,"О внесении изменений и дополнений в некоторые законодательные акты Республики Казахстан по вопросам реформирования судебной системы и совершенствования процессуального законодательства - ИПС ""Әділет"""
Z090000234_,amend,"О внесении изменений и дополнений в некоторые законодательные акты Республики Казахстан по вопросам обязательного и взаимного страхования, налогообложения - ИПС ""Әділет"""
Z100000338_,amend,"О внесении изменений и дополнений в некоторые законодательные акты Республики Казахстан по вопросам страхования - ИПС ""Әділет"""
Z030000474_,subst,"О государственном регулировании, контроле и надзоре финансового рынка и финансовых организаций - ИПС ""Әділет"""
Z030000415_,subst,"Об акционерных обществах - ИПС ""Әділет"""
Z010000142_,subst,"О некоммерческих организациях - ИПС ""Әділет"""
Z060000128_,amend,"О внесении изменений и дополнений в некоторые законодательные акты Республики Казахстан по вопросам страхования - ИПС ""Әділет"""
Z070000244_,amend,"О внесении изменений и дополнений в некоторые законодательные акты Республики Казахстан по обязательным видам страхования - ИПС ""Әділет"""
Z1200000015,amend,"О внесении изменений и дополнений в некоторые законодательные акты Республики Казахстан по вопросам исключения противоречий, пробелов, коллизий между нормами права различных законодательных актов и норм, способствующих совершению коррупционных правонарушений - ИПС ""Әділет"""
Z030000446_,subst,"Об обязательном страховании гражданско-правовой ответственности владельцев транспортных средств - ИПС ""Әділет"""
Z2200000141,amend,"О внесении изменений и дополнений в некоторые законодательные акты Республики Казахстан по вопросам стимулирования инноваций, развития цифровизации, информационной безопасности и образования - ИПС ""Әділет"""
Z030000444_,subst,"Об обязательном страховании гражданско-правовой ответственности перевозчика перед пассажирами - ИПС ""Әділет"""
Z030000513_,subst,"Об обязательном страховании туриста - ИПС ""Әділет"""
Z050000030_,excluded,"Об обязательном страховании работника от несчастных случаев при исполнении им трудовых (служебных) обязанностей - ИПС ""Әділет"""
Z970000094_,excluded,"О жилищных отношениях - ИПС ""Әділет"""
Z2100000087,amend,"О внесении изменений и дополнений в некоторые законодательные акты Республики Казахстан по вопросам промышленной политики - ИПС ""Әділет"""
Z2400000107,amend,"О внесении изменений и дополнений в некоторые законодательные акты Республики Казахстан по вопросам закупок и исключения излишней законодательной регламентации - ИПС ""Әділет"""
Z2500000207,amend,"О внесении изменений и дополнений в некоторые законодательные акты Республики Казахстан по вопросам жилищно-коммунального хозяйства, предпринимательства и деятельности экспортно-кредитного агентства - ИПС ""Әділет"""
Z2100000086,subst,"О промышленной политике - ИПС ""Әділет"""
Z2500000188,amend,"О внесении изменений и дополнений в некоторые законодательные акты Республики Казахстан по вопросам определения страны происхождения товаров - ИПС ""Әділет"""
Z1500000400,excluded,"О внесении изменений и дополнений в некоторые законодательные акты Республики Казахстан по вопросам амнистии граждан Республики Казахстан, оралманов и лиц, имеющих вид на жительство в Республике Казахстан, в связи с легализацией ими имущества - ИПС ""Әділет"""
Z2600000296,subst,"О Президенте Республики Казахстан - ИПС ""Әділет"""
Z990000378_,amend,"О внесении изменений и дополнений в Указ Президента Республики Казахстан, имеющий силу конституционного закона, ""О Президенте Республики Казахстан"" - ИПС ""Әділет"""
Z1100000404,amend,"О внесении дополнений и изменений в некоторые конституционные законы Республики Казахстан - ИПС ""Әділет"""
Z070000265_,amend,"О внесении изменений и дополнений в Конституционный закон Республики Казахстан ""О Президенте Республики Казахстан"" - ИПС ""Әділет"""
Z100000289_,amend,"О внесении изменений и дополнений в некоторые конституционные законы Республики Казахстан по вопросам совершенствования законодательства в сфере обеспечения деятельности Первого Президента Республики Казахстан - Лидера Нации - ИПС ""Әділет"""
Z060000200_,amend,"О внесении изменений в некоторые конституционные законы Республики Казахстан по вопросам их приведения в соответствие с нормами Конституции Республики Казахстан - ИПС ""Әділет"""
Z2400000109,amend,"О внесении изменений и дополнений в некоторые конституционные законы Республики Казахстан - ИПС ""Әділет"""
Z1600000480,subst,"О правовых актах - ИПС ""Әділет"""
Z1700000119,amend,"О внесении изменений и дополнений в некоторые конституционные законы Республики Казахстан - ИПС ""Әділет"""
Z2300000225,amend,"О внесении изменений в некоторые конституционные законы Республики Казахстан - ИПС ""Әділет"""
Z2600000299,subst,"О статусе столицы Республики Казахстан - ИПС ""Әділет"""
Z980000258_,subst,"Об особом статусе города Алматы - ИПС ""Әділет"""
Z2500000165,subst,"Об особом статусе города Туркестана - ИПС ""Әділет"""
Z2000000322,subst,"О ветеранах - ИПС ""Әділет"""
Z950002198_,subst,"О государственной регистрации юридических лиц и учетной регистрации филиалов и представительств - ИПС ""Әділет"""
Z950002483_,subst,"О Службе государственной охраны Республики Казахстан - ИПС ""Әділет"""
Z950002676_,subst,"О государственных наградах Республики Казахстан - ИПС ""Әділет"""
Z960000003_,subst,"Об общественных объединениях - ИПС ""Әділет"""
Z980000326_,subst,"О Национальном архивном фонде и архивах - ИПС ""Әділет"""
Z990000349_,subst,"О государственных секретах - ИПС ""Әділет"""
Z010000245_,subst,"Об автомобильных дорогах - ИПС ""Әділет"""
Z010000267_,subst,"О праздниках в Республике Казахстан - ИПС ""Әділет"""
Z020000284_,subst,"О торговом мореплавании - ИПС ""Әділет"""
Z020000304_,subst,"Об органах юстиции - ИПС ""Әділет"""
Z020000344_,subst,"О политических партиях - ИПС ""Әділет"""
Z030000387_,subst,"О чрезвычайном положении - ИПС ""Әділет"""
Z030000391_,subst,"О военном положении - ИПС ""Әділет"""
Z030000461_,subst,"О рынке ценных бумаг - ИПС ""Әділет"""
Z030000476_,subst,"Об автомобильном транспорте - ИПС ""Әділет"""
Z040000574_,subst,"О внутреннем водном транспорте - ИПС ""Әділет"""
Z040000573_,subst,"О кредитных бюро и формировании кредитных историй в Республике Казахстан - ИПС ""Әділет"""
Z050000029_,subst,"Об обороне и Вооруженных Силах Республики Казахстан - ИПС ""Әділет"""
Z050000054_,subst,"О международных договорах Республики Казахстан - ИПС ""Әділет"""
Z070000219_,subst,"Об игорном бизнесе - ИПС ""Әділет"""
Z090000216_,excluded,"О беженцах - ИПС ""Әділет"""
Z100000261_,subst,"Об исполнительном производстве и статусе судебных исполнителей - ИПС ""Әділет"""
Z100000339_,subst,"Об использовании воздушного пространства Республики Казахстан и деятельности авиации - ИПС ""Әділет"""
Z1100000380,excluded,"О правоохранительной службе - ИПС ""Әділет"""
Z1100000413,subst,"О государственном имуществе - ИПС ""Әділет"""
Z1100000477,subst,"О миграции населения - ИПС ""Әділет"""
Z1200000527,subst,"О национальной безопасности Республики Казахстан - ИПС ""Әділет"""
Z1200000550,subst,"О Фонде национального благосостояния - ИПС ""Әділет"""
Z1200000561,subst,"О воинской службе и статусе военнослужащих - ИПС ""Әділет"""
Z1200000056,subst,"О микрофинансовой деятельности - ИПС ""Әділет"""
Z1300000129,subst,"О Национальной палате предпринимателей Республики Казахстан - ИПС ""Әділет"""
Z1500000320,subst,"О миротворческой деятельности Республики Казахстан - ИПС ""Әділет"""
Z1500000383,subst,"Об общественных советах - ИПС ""Әділет"""
Z1500000401,subst,"О доступе к информации - ИПС ""Әділет"""
Z1500000436,subst,"О Высшем Судебном Совете Республики Казахстан - ИПС ""Әділет"""
Z1600000488,excluded,"Об арбитраже - ИПС ""Әділет"""
Z1600000040,subst,"О дактилоскопической и геномной регистрации - ИПС ""Әділет"""
Z1700000044,subst,"О судебно-экспертной деятельности - ИПС ""Әділет"""
Z1800000204,subst,"О естественных монополиях - ИПС ""Әділет"""
Z1800000176,subst,"Об адвокатской деятельности и юридической помощи - ИПС ""Әділет"""
Z2100000057,subst,"О государственной фельдъегерской связи - ИПС ""Әділет"""
Z2200000122,subst,"О биологической безопасности Республики Казахстан - ИПС ""Әділет"""
Z2300000021,subst,"О возврате государству незаконно приобретенных активов - ИПС ""Әділет"""
Z2400000103,subst,"О науке и технологической политике - ИПС ""Әділет"""
Z2400000110,subst,"О противодействии торговле людьми - ИПС ""Әділет"""
Z2500000247,amend,"О внесении изменений и дополнений в Кодекс Республики Казахстан об административных правонарушениях - ИПС ""Әділет"""
Z910004800_,subst,"О гражданстве Республики Казахстан - ИПС ""Әділет"""
Z000000110_,subst,"О жилищных строительных сбережениях в Республике Казахстан - ИПС ""Әділет"""
Z980000279_,subst,"О наркотических средствах, психотропных веществах, их аналогах и прекурсорах и мерах противодействия их незаконному обороту и злоупотреблению ими - ИПС ""Әділет"""
Z990000353_,subst,"О порядке и условиях содержания лиц в специальных учреждениях, специальных помещениях, обеспечивающих временную изоляцию от общества - ИПС ""Әділет"""
Z000000072_,subst,"О государственной защите лиц, участвующих в уголовном процессе - ИПС ""Әділет"""
Z000000085_,subst,"Об охранной деятельности - ИПС ""Әділет"""
Z070000223_,subst,"О национальных реестрах идентификационных номеров - ИПС ""Әділет"""
Z070000310_,subst,"О государственной регистрации прав на недвижимое имущество - ИПС ""Әділет"""
Z090000214_,subst,"О профилактике бытового насилия - ИПС ""Әділет"""
Z100000271_,subst,"О профилактике правонарушений - ИПС ""Әділет"""
Z1300000073,subst,"О документах, удостоверяющих личность - ИПС ""Әділет"""
Z1400000194,subst,"О дорожном движении - ИПС ""Әділет"""
Z1400000199,subst,"Об органах внутренних дел Республики Казахстан - ИПС ""Әділет"""
Z1500000274,subst,"О Национальной гвардии Республики Казахстан - ИПС ""Әділет"""
Z940007000_,subst,"О транспорте в Республике Казахстан - ИПС ""Әділет"""
Z960000019_,subst,"О чрезвычайных ситуациях природного и техногенного характера - ИПС ""Әділет"""
Z960000029_,subst,"О безопасности дорожного движения - ИПС ""Әділет"""
Z960000048_,subst,"О пожарной безопасности - ИПС ""Әділет"""
Z970000160_,subst,"Об охране окружающей среды - ИПС ""Әділет"""
Z980000213_,subst,"О нормативных правовых актах - ИПС ""Әділет"""
Z980000219_,subst,"О радиационной безопасности населения - ИПС ""Әділет"""
Z000000053_,subst,"Об обеспечении единства измерений - ИПС ""Әділет"""
Z010000143_,subst,"О зерне - ИПС ""Әділет"""
Z010000242_,subst,"Об архитектурной, градостроительной и строительной деятельности в Республике Казахстан - ИПС ""Әділет"""
Z010000266_,subst,"О железнодорожном транспорте - ИПС ""Әділет"""
Z010000271_,subst,"О государственном регулировании гражданской авиации - ИПС ""Әділет"""
Z020000302_,subst,"Об охране атмосферного воздуха - ИПС ""Әділет"""
Z020000314_,subst,"О промышленной безопасности на опасных производственных объектах - ИПС ""Әділет"""
Z020000331_,subst,"О защите растений - ИПС ""Әділет"""
Z020000339_,subst,"О ветеринарии - ИПС ""Әділет"""
Z030000385_,subst,"О семеноводстве - ИПС ""Әділет"""
Z030000402_,subst,"О государственном регулировании производства и оборота отдельных видов нефтепродуктов - ИПС ""Әділет"""
Z030000430_,subst,"О системе здравоохранения - ИПС ""Әділет"""
Z040000528_,subst,"О безопасности и охране труда - ИПС ""Әділет"""
Z040000567_,subst,"О связи - ИПС ""Әділет"""
Z040000522_,subst,"О лекарственных средствах - ИПС ""Әділет"""
Z040000588_,subst,"Об электроэнергетике - ИПС ""Әділет"""
Z040000603_,subst,"О техническом регулировании - ИПС ""Әділет"""
Z920002900_,subst,"Об охpане и использовании объектов истоpико-культуpного наследия - ИПС ""Әділет"""
Z930004200_,subst,"Об административно-территориальном устройстве Республики Казахстан - ИПС ""Әділет"""
